Time,F,SL,Displ,x1,x2
 0.00000000e+00, 0.00000000e+00, 1.90000000e+00, 0.00000000e+00, 0.00000000e+00, 7.00000000e-03
 1.00000000e-03, 1.38457385e-01, 1.89861489e+00, 6.92553231e-04,-5.07130208e-04, 6.40200596e-03
 2.00000000e-03, 2.09675014e-01, 1.89791498e+00, 1.04250999e-03,-5.84373390e-04, 6.28898278e-03
 3.00000000e-03, 2.73496672e-01, 1.89729466e+00, 1.35266783e-03,-6.07656330e-04, 6.25653695e-03
 4.00000000e-03, 3.34770191e-01, 1.89670507e+00, 1.64746529e-03,-6.12874436e-04, 6.24930513e-03
 5.00000000e-03, 3.94504892e-01, 1.89613573e+00, 1.93213316e-03,-6.09647996e-04, 6.25303401e-03
 6.00000000e-03, 4.52976913e-01, 1.89558350e+00, 2.20824900e-03,-6.01757800e-04, 6.26260098e-03
 7.00000000e-03, 5.10252443e-01, 1.89504730e+00, 2.47634816e-03,-5.91019327e-04, 6.27567856e-03
 8.00000000e-03, 5.66324781e-01, 1.89452679e+00, 2.73660441e-03,-5.78426559e-04, 6.29102939e-03
 9.00000000e-03, 6.21160929e-01, 1.89402188e+00, 2.98905933e-03,-5.64579037e-04, 6.30791832e-03
 1.00000000e-02, 6.74720279e-01, 1.89353257e+00, 3.23371284e-03,-5.49867175e-04, 6.32586979e-03
 1.10000000e-02, 7.26962873e-01, 1.89305888e+00, 3.47056214e-03,-5.34561773e-04, 6.34455450e-03
 1.20000000e-02, 7.77853221e-01, 1.89260076e+00, 3.69961892e-03,-5.18860827e-04, 6.36373136e-03
 1.30000000e-02, 8.27361996e-01, 1.89215817e+00, 3.92091640e-03,-5.02915548e-04, 6.38321577e-03
 1.40000000e-02, 8.75466665e-01, 1.89173098e+00, 4.13451150e-03,-4.86845499e-04, 6.40286131e-03
 1.50000000e-02, 9.22151553e-01, 1.89131903e+00, 4.34048438e-03,-4.70747763e-04, 6.42254876e-03
 1.60000000e-02, 9.67407594e-01, 1.89092213e+00, 4.53893690e-03,-4.54702676e-04, 6.44217920e-03
 1.70000000e-02, 1.01123193e+00, 1.89054002e+00, 4.72999031e-03,-4.38777541e-04, 6.46166955e-03
 1.80000000e-02, 1.05362739e+00, 1.89017243e+00, 4.91378285e-03,-4.23029114e-04, 6.48094964e-03
 1.90000000e-02, 1.09460200e+00, 1.88981907e+00, 5.09046726e-03,-4.07505342e-04, 6.49996007e-03
 2.00000000e-02, 1.13416838e+00, 1.88947958e+00, 5.26020839e-03,-3.92246627e-04, 6.51865073e-03
 2.10000000e-02, 1.17234328e+00, 1.88915364e+00, 5.42318096e-03,-3.77286788e-04, 6.53697956e-03
 2.20000000e-02, 1.20914700e+00, 1.88884087e+00, 5.57956745e-03,-3.62653843e-04, 6.55491168e-03
 2.30000000e-02, 1.24460295e+00, 1.88854089e+00, 5.72955628e-03,-3.48370648e-04, 6.57241858e-03
 2.40000000e-02, 1.27873719e+00, 1.88825332e+00, 5.87334008e-03,-3.34455463e-04, 6.58947739e-03
 2.50000000e-02, 1.31157796e+00, 1.88797777e+00, 6.01111417e-03,-3.20922445e-04, 6.60607034e-03
 2.60000000e-02, 1.34315538e+00, 1.88771385e+00, 6.14307526e-03,-3.07782097e-04, 6.62218418e-03
 2.70000000e-02, 1.37350101e+00, 1.88746116e+00, 6.26942028e-03,-2.95041681e-04, 6.63780964e-03
 2.80000000e-02, 1.40264759e+00, 1.88721931e+00, 6.39034535e-03,-2.82705594e-04, 6.65294102e-03
 2.90000000e-02, 1.43062870e+00, 1.88698791e+00, 6.50604494e-03,-2.70775711e-04, 6.66757576e-03
 3.00000000e-02, 1.45747857e+00, 1.88676658e+00, 6.61671110e-03,-2.59251708e-04, 6.68171399e-03
 3.10000000e-02, 1.48323178e+00, 1.88655493e+00, 6.72253289e-03,-2.48131351e-04, 6.69535824e-03
 3.20000000e-02, 1.50792312e+00, 1.88635261e+00, 6.82369579e-03,-2.37410761e-04, 6.70851308e-03
 3.30000000e-02, 1.53158735e+00, 1.88615924e+00, 6.92038134e-03,-2.27084657e-04, 6.72118480e-03
 3.40000000e-02, 1.55425741e+00, 1.88597448e+00, 7.01275985e-03,-2.17147399e-04, 6.73338040e-03
 3.50000000e-02, 1.57596684e+00, 1.88579800e+00, 7.10100080e-03,-2.07591837e-04, 6.74510818e-03
 3.60000000e-02, 1.59675243e+00, 1.88562943e+00, 7.18528363e-03,-1.98408386e-04, 6.75637978e-03
 3.70000000e-02, 1.61664759e+00, 1.88546846e+00, 7.26577121e-03,-1.89588162e-04, 6.76720611e-03
 3.80000000e-02, 1.63568517e+00, 1.88531476e+00, 7.34262134e-03,-1.81121743e-04, 6.77759864e-03
 3.90000000e-02, 1.65389737e+00, 1.88516803e+00, 7.41598676e-03,-1.72999312e-04, 6.78756935e-03
 4.00000000e-02, 1.67131566e+00, 1.88502797e+00, 7.48601511e-03,-1.65210765e-04, 6.79713057e-03
 4.10000000e-02, 1.68797078e+00, 1.88489430e+00, 7.55284890e-03,-1.57745804e-04, 6.80629488e-03
 4.20000000e-02, 1.70389269e+00, 1.88476675e+00, 7.61662561e-03,-1.50594019e-04, 6.81507500e-03
 4.30000000e-02, 1.71911051e+00, 1.88464504e+00, 7.67747769e-03,-1.43744960e-04, 6.82348371e-03
 4.40000000e-02, 1.73365254e+00, 1.88452893e+00, 7.73553265e-03,-1.37188194e-04, 6.83153379e-03
 4.50000000e-02, 1.74754624e+00, 1.88441817e+00, 7.79091316e-03,-1.30913360e-04, 6.83923791e-03
 4.60000000e-02, 1.76081819e+00, 1.88431253e+00, 7.84373715e-03,-1.24910207e-04, 6.84660863e-03
 4.70000000e-02, 1.77349414e+00, 1.88421176e+00, 7.89411788e-03,-1.19168635e-04, 6.85365832e-03
 4.80000000e-02, 1.78559897e+00, 1.88411567e+00, 7.94216412e-03,-1.13678723e-04, 6.86039914e-03
 4.90000000e-02, 1.79715671e+00, 1.88402404e+00, 7.98798024e-03,-1.08430751e-04, 6.86684300e-03
 5.00000000e-02, 1.80819056e+00, 1.88393667e+00, 8.03166633e-03,-1.03415225e-04, 6.87300154e-03
 5.10000000e-02, 1.81872286e+00, 1.88385336e+00, 8.07331834e-03,-9.86228864e-05, 6.87888612e-03
 5.20000000e-02, 1.82877517e+00, 1.88377394e+00, 8.11302822e-03,-9.40447289e-05, 6.88450777e-03
 5.30000000e-02, 1.83836822e+00, 1.88369823e+00, 8.15088404e-03,-8.96720044e-05, 6.88987723e-03
 5.40000000e-02, 1.84752196e+00, 1.88362606e+00, 8.18697013e-03,-8.54962296e-05, 6.89500491e-03
 5.50000000e-02, 1.85625559e+00, 1.88355727e+00, 8.22136720e-03,-8.15091899e-05, 6.89990087e-03
 5.60000000e-02, 1.86458755e+00, 1.88349169e+00, 8.25415251e-03,-7.77029410e-05, 6.90457488e-03
 5.70000000e-02, 1.87253555e+00, 1.88342920e+00, 8.28539993e-03,-7.40698090e-05, 6.90903634e-03
 5.80000000e-02, 1.88011659e+00, 1.88336964e+00, 8.31518012e-03,-7.06023889e-05, 6.91329434e-03
 5.90000000e-02, 1.88734700e+00, 1.88331288e+00, 8.34356065e-03,-6.72935418e-05, 6.91735764e-03
 6.00000000e-02, 1.89424242e+00, 1.88325879e+00, 8.37060611e-03,-6.41363920e-05, 6.92123468e-03
 6.10000000e-02, 1.90081786e+00, 1.88320724e+00, 8.39637820e-03,-6.11243216e-05, 6.92493359e-03
 6.20000000e-02, 1.90708772e+00, 1.88315813e+00, 8.42093590e-03,-5.82509663e-05, 6.92846217e-03
 6.30000000e-02, 1.91306576e+00, 1.88311133e+00, 8.44433554e-03,-5.55102093e-05, 6.93182793e-03
 6.40000000e-02, 1.91876519e+00, 1.88306674e+00, 8.46663094e-03,-5.28961752e-05, 6.93503809e-03
 6.50000000e-02, 1.92419866e+00, 1.88302425e+00, 8.48787347e-03,-5.04032241e-05, 6.93809957e-03
 6.60000000e-02, 1.92937825e+00, 1.88298378e+00, 8.50811221e-03,-4.80259445e-05, 6.94101901e-03
 6.70000000e-02, 1.93431555e+00, 1.88294521e+00, 8.52739399e-03,-4.57591465e-05, 6.94380278e-03
 6.80000000e-02, 1.93902164e+00, 1.88290847e+00, 8.54576352e-03,-4.35978554e-05, 6.94645699e-03
 6.90000000e-02, 1.94350711e+00, 1.88287347e+00, 8.56326347e-03,-4.15373043e-05, 6.94898750e-03
 7.00000000e-02, 1.94778209e+00, 1.88284013e+00, 8.57993458e-03,-3.95729271e-05, 6.95139991e-03
 7.10000000e-02, 1.95185627e+00, 1.88280837e+00, 8.59581570e-03,-3.77003521e-05, 6.95369958e-03
 7.20000000e-02, 1.95573890e+00, 1.88277811e+00, 8.61094389e-03,-3.59153942e-05, 6.95589166e-03
 7.30000000e-02, 1.95943884e+00, 1.88274929e+00, 8.62535454e-03,-3.42140492e-05, 6.95798106e-03
 7.40000000e-02, 1.96296453e+00, 1.88272184e+00, 8.63908138e-03,-3.25924862e-05, 6.95997249e-03
 7.50000000e-02, 1.96632406e+00, 1.88269569e+00, 8.65215658e-03,-3.10470415e-05, 6.96187044e-03
 7.60000000e-02, 1.96952514e+00, 1.88267078e+00, 8.66461084e-03,-2.95742120e-05, 6.96367922e-03
 7.70000000e-02, 1.97257645e+00, 1.88264704e+00, 8.67647856e-03,-2.81700145e-05, 6.96540356e-03
 7.80000000e-02, 1.97548509e+00, 1.88262442e+00, 8.68778789e-03,-2.68312549e-05, 6.96704764e-03
 7.90000000e-02, 1.97825615e+00, 1.88260288e+00, 8.69855908e-03,-2.55556320e-05, 6.96861424e-03
 8.00000000e-02, 1.98089604e+00, 1.88258236e+00, 8.70881752e-03,-2.43402136e-05, 6.97010691e-03
 8.10000000e-02, 1.98341089e+00, 1.88256283e+00, 8.71858748e-03,-2.31821976e-05, 6.97152909e-03
 8.20000000e-02, 1.98580658e+00, 1.88254422e+00, 8.72789214e-03,-2.20789059e-05, 6.97288406e-03
 8.30000000e-02, 1.98808868e+00, 1.88252649e+00, 8.73675346e-03,-2.10277927e-05, 6.97417496e-03
 8.40000000e-02, 1.99026252e+00, 1.88250962e+00, 8.74519249e-03,-2.00264201e-05, 6.97540477e-03
 8.50000000e-02, 1.99233321e+00, 1.88249354e+00, 8.75322928e-03,-1.90724583e-05, 6.97657635e-03
 8.60000000e-02, 1.99430557e+00, 1.88247823e+00, 8.76088286e-03,-1.81636935e-05, 6.97769243e-03
 8.70000000e-02, 1.99618424e+00, 1.88246366e+00, 8.76817144e-03,-1.72980064e-05, 6.97875560e-03
 8.80000000e-02, 1.99797365e+00, 1.88244978e+00, 8.77511238e-03,-1.64733724e-05, 6.97976836e-03
 8.90000000e-02, 1.99967799e+00, 1.88243656e+00, 8.78172215e-03,-1.56878682e-05, 6.98073306e-03
 9.00000000e-02, 2.00130128e+00, 1.88242397e+00, 8.78801651e-03,-1.49396534e-05, 6.98165196e-03
 9.10000000e-02, 2.00284734e+00, 1.88241198e+00, 8.79401047e-03,-1.42269703e-05, 6.98252723e-03
 9.20000000e-02, 2.00431983e+00, 1.88240056e+00, 8.79971828e-03,-1.35481495e-05, 6.98336092e-03
 9.30000000e-02, 2.00572223e+00, 1.88238969e+00, 8.80515357e-03,-1.29015942e-05, 6.98415497e-03
 9.40000000e-02, 2.00705785e+00, 1.88237934e+00, 8.81032933e-03,-1.22857797e-05, 6.98491128e-03
 9.50000000e-02, 2.00832985e+00, 1.88236948e+00, 8.81525789e-03,-1.16992583e-05, 6.98563160e-03
 9.60000000e-02, 2.00954124e+00, 1.88236010e+00, 8.81995103e-03,-1.11406453e-05, 6.98631766e-03
 9.70000000e-02, 2.01069491e+00, 1.88235116e+00, 8.82441998e-03,-1.06086192e-05, 6.98697106e-03
 9.80000000e-02, 2.01179358e+00, 1.88234265e+00, 8.82867539e-03,-1.01019254e-05, 6.98759335e-03
 9.90000000e-02, 2.01283987e+00, 1.88233455e+00, 8.83272745e-03,-9.61936400e-06, 6.98818600e-03
 1.00000000e-01, 2.01383626e+00, 1.88232683e+00, 8.83658588e-03,-9.15979022e-06, 6.98875042e-03
 1.01000000e-01, 2.01478511e+00, 1.88231948e+00, 8.84025987e-03,-8.72211729e-06, 6.98928795e-03
 1.02000000e-01, 2.01568870e+00, 1.88231248e+00, 8.84375824e-03,-8.30530632e-06, 6.98979985e-03
 1.03000000e-01, 2.01654917e+00, 1.88230582e+00, 8.84708938e-03,-7.90836597e-06, 6.99028735e-03
 1.04000000e-01, 2.01736857e+00, 1.88229948e+00, 8.85026124e-03,-7.53035543e-06, 6.99075160e-03
 1.05000000e-01, 2.01814886e+00, 1.88229344e+00, 8.85328143e-03,-7.17037545e-06, 6.99119371e-03
 1.06000000e-01, 2.01889189e+00, 1.88228769e+00, 8.85615721e-03,-6.82756808e-06, 6.99161473e-03
 1.07000000e-01, 2.01959943e+00, 1.88228221e+00, 8.85889545e-03,-6.50111918e-06, 6.99201565e-03
 1.08000000e-01, 2.02027319e+00, 1.88227699e+00, 8.86150272e-03,-6.19025072e-06, 6.99239744e-03
 1.09000000e-01, 2.02091476e+00, 1.88227203e+00, 8.86398530e-03,-5.89422042e-06, 6.99276101e-03
 1.10000000e-01, 2.02152568e+00, 1.88226730e+00, 8.86634911e-03,-5.61232408e-06, 6.99310722e-03
 1.11000000e-01, 2.02210741e+00, 1.88226280e+00, 8.86859984e-03,-5.34388870e-06, 6.99343690e-03
 1.12000000e-01, 2.02266134e+00, 1.88225851e+00, 8.87074289e-03,-5.08827238e-06, 6.99375083e-03
 1.13000000e-01, 2.02318880e+00, 1.88225443e+00, 8.87278341e-03,-4.84486612e-06, 6.99404977e-03
 1.14000000e-01, 2.02369105e+00, 1.88225055e+00, 8.87472629e-03,-4.61308803e-06, 6.99433443e-03
 1.15000000e-01, 2.02416929e+00, 1.88224685e+00, 8.87657621e-03,-4.39238310e-06, 6.99460549e-03
 1.16000000e-01, 2.02462467e+00, 1.88224332e+00, 8.87833761e-03,-4.18222485e-06, 6.99486359e-03
 1.17000000e-01, 2.02505827e+00, 1.88223997e+00, 8.88001471e-03,-3.98211025e-06, 6.99510936e-03
 1.18000000e-01, 2.02547086e+00, 1.88223678e+00, 8.88161046e-03,-3.79169600e-06, 6.99534326e-03
 1.19000000e-01, 2.02586294e+00, 1.88223375e+00, 8.88312685e-03,-3.61074319e-06, 6.99556554e-03
 1.20000000e-01, 2.02623632e+00, 1.88223086e+00, 8.88457083e-03,-3.43841515e-06, 6.99577718e-03
 1.21000000e-01, 2.02659189e+00, 1.88222811e+00, 8.88594588e-03,-3.27430187e-06, 6.99597873e-03
 1.22000000e-01, 2.02693050e+00, 1.88222549e+00, 8.88725530e-03,-3.11801400e-06, 6.99617068e-03
 1.23000000e-01, 2.02725295e+00, 1.88222300e+00, 8.88850220e-03,-2.96917966e-06, 6.99635346e-03
 1.24000000e-01, 2.02756002e+00, 1.88222062e+00, 8.88968957e-03,-2.82744305e-06, 6.99652753e-03
 1.25000000e-01, 2.02785244e+00, 1.88221836e+00, 8.89082026e-03,-2.69246615e-06, 6.99669330e-03
 1.26000000e-01, 2.02813091e+00, 1.88221621e+00, 8.89189699e-03,-2.56392560e-06, 6.99685117e-03
 1.27000000e-01, 2.02839609e+00, 1.88221416e+00, 8.89292229e-03,-2.44151991e-06, 6.99700150e-03
 1.28000000e-01, 2.02864861e+00, 1.88221220e+00, 8.89389863e-03,-2.32495357e-06, 6.99714465e-03
 1.29000000e-01, 2.02888908e+00, 1.88221034e+00, 8.89482836e-03,-2.21394899e-06, 6.99728098e-03
 1.30000000e-01, 2.02911807e+00, 1.88220857e+00, 8.89571368e-03,-2.10824138e-06, 6.99741081e-03
 1.31000000e-01, 2.02933571e+00, 1.88220689e+00, 8.89655509e-03,-2.00778032e-06, 6.99753422e-03
 1.32000000e-01, 2.02954294e+00, 1.88220529e+00, 8.89735624e-03,-1.91211884e-06, 6.99765170e-03
 1.33000000e-01, 2.02974030e+00, 1.88220376e+00, 8.89811921e-03,-1.82101208e-06, 6.99776359e-03
 1.34000000e-01, 2.02992826e+00, 1.88220231e+00, 8.89884582e-03,-1.73424422e-06, 6.99787015e-03
 1.35000000e-01, 2.03010726e+00, 1.88220092e+00, 8.89953781e-03,-1.65160819e-06, 6.99797164e-03
 1.36000000e-01, 2.03027774e+00, 1.88219961e+00, 8.90019682e-03,-1.57290704e-06, 6.99806829e-03
 1.37000000e-01, 2.03043998e+00, 1.88219835e+00, 8.90082399e-03,-1.49801052e-06, 6.99816029e-03
 1.38000000e-01, 2.03059431e+00, 1.88219716e+00, 8.90142056e-03,-1.42676537e-06, 6.99824779e-03
 1.39000000e-01, 2.03074131e+00, 1.88219602e+00, 8.90198880e-03,-1.35889966e-06, 6.99833114e-03
 1.40000000e-01, 2.03088132e+00, 1.88219494e+00, 8.90252998e-03,-1.29426544e-06, 6.99841052e-03
 1.41000000e-01, 2.03101461e+00, 1.88219391e+00, 8.90304522e-03,-1.23272861e-06, 6.99848610e-03
 1.42000000e-01, 2.03114141e+00, 1.88219293e+00, 8.90353532e-03,-1.17419327e-06, 6.99855799e-03
 1.43000000e-01, 2.03126218e+00, 1.88219200e+00, 8.90400215e-03,-1.11843530e-06, 6.99862647e-03
 1.44000000e-01, 2.03137716e+00, 1.88219111e+00, 8.90444658e-03,-1.06535251e-06, 6.99869167e-03
 1.45000000e-01, 2.03148658e+00, 1.88219026e+00, 8.90486950e-03,-1.01483713e-06, 6.99875371e-03
 1.46000000e-01, 2.03159077e+00, 1.88218946e+00, 8.90527221e-03,-9.66736358e-07, 6.99881279e-03
 1.47000000e-01, 2.03168992e+00, 1.88218869e+00, 8.90565546e-03,-9.20958666e-07, 6.99886901e-03
 1.48000000e-01, 2.03178430e+00, 1.88218796e+00, 8.90602021e-03,-8.77389857e-07, 6.99892252e-03
 1.49000000e-01, 2.03187413e+00, 1.88218727e+00, 8.90636744e-03,-8.35913919e-07, 6.99897346e-03
 1.50000000e-01, 2.03195961e+00, 1.88218660e+00, 8.90669783e-03,-7.96448901e-07, 6.99902194e-03
 1.51000000e-01, 2.03204124e+00, 1.88218597e+00, 8.90701332e-03,-7.58757162e-07, 6.99906820e-03
 1.52000000e-01, 2.03211926e+00, 1.88218537e+00, 8.90731485e-03,-7.22734456e-07, 6.99911243e-03
 1.53000000e-01, 2.03219323e+00, 1.88218480e+00, 8.90760072e-03,-6.88591970e-07, 6.99915441e-03
 1.54000000e-01, 2.03226270e+00, 1.88218426e+00, 8.90786925e-03,-6.56524042e-07, 6.99919384e-03
 1.55000000e-01, 2.03232894e+00, 1.88218375e+00, 8.90812526e-03,-6.25942871e-07, 6.99923139e-03
 1.56000000e-01, 2.03239210e+00, 1.88218326e+00, 8.90836934e-03,-5.96784778e-07, 6.99926720e-03
 1.57000000e-01, 2.03245231e+00, 1.88218280e+00, 8.90860205e-03,-5.68984308e-07, 6.99930133e-03
 1.58000000e-01, 2.03250972e+00, 1.88218235e+00, 8.90882392e-03,-5.42478499e-07, 6.99933388e-03
 1.59000000e-01, 2.03256445e+00, 1.88218193e+00, 8.90903545e-03,-5.17207206e-07, 6.99936491e-03
 1.60000000e-01, 2.03261663e+00, 1.88218153e+00, 8.90923712e-03,-4.93113014e-07, 6.99939450e-03
 1.61000000e-01, 2.03266639e+00, 1.88218114e+00, 8.90942940e-03,-4.70141163e-07, 6.99942270e-03
 1.62000000e-01, 2.03271382e+00, 1.88218077e+00, 8.90961272e-03,-4.48239398e-07, 6.99944960e-03
 1.63000000e-01, 2.03275904e+00, 1.88218042e+00, 8.90978749e-03,-4.27357893e-07, 6.99947524e-03
 1.64000000e-01, 2.03280216e+00, 1.88218009e+00, 8.90995413e-03,-4.07449144e-07, 6.99949969e-03
 1.65000000e-01, 2.03284327e+00, 1.88217977e+00, 8.91011300e-03,-3.88467846e-07, 6.99952299e-03
 1.66000000e-01, 2.03288246e+00, 1.88217947e+00, 8.91026446e-03,-3.70370791e-07, 6.99954521e-03
 1.67000000e-01, 2.03291983e+00, 1.88217918e+00, 8.91040887e-03,-3.53116790e-07, 6.99956640e-03
 1.68000000e-01, 2.03295546e+00, 1.88217891e+00, 8.91054656e-03,-3.36666578e-07, 6.99958660e-03
 1.69000000e-01, 2.03298942e+00, 1.88217864e+00, 8.91067782e-03,-3.20982711e-07, 6.99960586e-03
 1.70000000e-01, 2.03302181e+00, 1.88217839e+00, 8.91080298e-03,-3.06029485e-07, 6.99962422e-03
 1.71000000e-01, 2.03305268e+00, 1.88217816e+00, 8.91092230e-03,-2.91772871e-07, 6.99964173e-03
 1.72000000e-01, 2.03308212e+00, 1.88217793e+00, 8.91103606e-03,-2.78180414e-07, 6.99965842e-03
 1.73000000e-01, 2.03311019e+00, 1.88217771e+00, 8.91114452e-03,-2.65221163e-07, 6.99967433e-03
 1.74000000e-01, 2.03313694e+00, 1.88217750e+00, 8.91124793e-03,-2.52865648e-07, 6.99968950e-03
 1.75000000e-01, 2.03316246e+00, 1.88217731e+00, 8.91134652e-03,-2.41085718e-07, 6.99970397e-03
 1.76000000e-01, 2.03318678e+00, 1.88217712e+00, 8.91144051e-03,-2.29854563e-07, 6.99971776e-03
 1.77000000e-01, 2.03320997e+00, 1.88217694e+00, 8.91153013e-03,-2.19146616e-07, 6.99973091e-03
 1.78000000e-01, 2.03323208e+00, 1.88217677e+00, 8.91161558e-03,-2.08937504e-07, 6.99974344e-03
 1.79000000e-01, 2.03325316e+00, 1.88217661e+00, 8.91169704e-03,-1.99203996e-07, 6.99975539e-03
 1.80000000e-01, 2.03327326e+00, 1.88217645e+00, 8.91177470e-03,-1.89923930e-07, 6.99976679e-03
 1.81000000e-01, 2.03329242e+00, 1.88217630e+00, 8.91184875e-03,-1.81076180e-07, 6.99977765e-03
 1.82000000e-01, 2.03331069e+00, 1.88217616e+00, 8.91191935e-03,-1.72640609e-07, 6.99978801e-03
 1.83000000e-01, 2.03332810e+00, 1.88217603e+00, 8.91198666e-03,-1.64598021e-07, 6.99979789e-03
 1.84000000e-01, 2.03334471e+00, 1.88217590e+00, 8.91205083e-03,-1.56930101e-07, 6.99980730e-03
 1.85000000e-01, 2.03336054e+00, 1.88217578e+00, 8.91211202e-03,-1.49619389e-07, 6.99981628e-03
 1.86000000e-01, 2.03337564e+00, 1.88217566e+00, 8.91217035e-03,-1.42649260e-07, 6.99982484e-03
 1.87000000e-01, 2.03339003e+00, 1.88217555e+00, 8.91222597e-03,-1.36003843e-07, 6.99983300e-03
 1.88000000e-01, 2.03340375e+00, 1.88217544e+00, 8.91227899e-03,-1.29668011e-07, 6.99984078e-03
 1.89000000e-01, 2.03341683e+00, 1.88217534e+00, 8.91232955e-03,-1.23627338e-07, 6.99984820e-03
 1.90000000e-01, 2.03342931e+00, 1.88217524e+00, 8.91237775e-03,-1.17868066e-07, 6.99985527e-03
 1.91000000e-01, 2.03344120e+00, 1.88217515e+00, 8.91242370e-03,-1.12377097e-07, 6.99986201e-03
 1.92000000e-01, 2.03345253e+00, 1.88217506e+00, 8.91246751e-03,-1.07141930e-07, 6.99986844e-03
 1.93000000e-01, 2.03346334e+00, 1.88217498e+00, 8.91250929e-03,-1.02150648e-07, 6.99987457e-03
 1.94000000e-01, 2.03347365e+00, 1.88217490e+00, 8.91254911e-03,-9.73918910e-08, 6.99988041e-03
 1.95000000e-01, 2.03348348e+00, 1.88217483e+00, 8.91258708e-03,-9.28548160e-08, 6.99988598e-03
 1.96000000e-01, 2.03349284e+00, 1.88217475e+00, 8.91262328e-03,-8.85291106e-08, 6.99989129e-03
 1.97000000e-01, 2.03350180e+00, 1.88217468e+00, 8.91265789e-03,-8.43929733e-08, 6.99989637e-03
 1.98000000e-01, 2.03351030e+00, 1.88217462e+00, 8.91269074e-03,-8.04684064e-08, 6.99990119e-03
 1.99000000e-01, 2.03351857e+00, 1.88217455e+00, 8.91272270e-03,-7.66485320e-08, 6.99990587e-03
 2.00000000e-01, 2.03352646e+00, 1.88217449e+00, 8.91275318e-03,-7.30055542e-08, 6.99991034e-03
 2.01000000e-01, 2.03353396e+00, 1.88217444e+00, 8.91278215e-03,-6.95433378e-08, 6.99991460e-03
 2.02000000e-01, 2.03354112e+00, 1.88217438e+00, 8.91280984e-03,-6.62338639e-08, 6.99991866e-03
 2.03000000e-01, 2.03354791e+00, 1.88217433e+00, 8.91283609e-03,-6.30975795e-08, 6.99992251e-03
 2.04000000e-01, 2.03355439e+00, 1.88217428e+00, 8.91286113e-03,-6.01056456e-08, 6.99992618e-03
 2.05000000e-01, 2.03356056e+00, 1.88217423e+00, 8.91288496e-03,-5.72590749e-08, 6.99992968e-03
 2.06000000e-01, 2.03356639e+00, 1.88217418e+00, 8.91290749e-03,-5.45670273e-08, 6.99993299e-03
 2.07000000e-01, 2.03357199e+00, 1.88217414e+00, 8.91292912e-03,-5.19825368e-08, 6.99993616e-03
 2.08000000e-01, 2.03357726e+00, 1.88217410e+00, 8.91294949e-03,-4.95496101e-08, 6.99993916e-03
 2.09000000e-01, 2.03358232e+00, 1.88217406e+00, 8.91296906e-03,-4.72102576e-08, 6.99994202e-03
 2.10000000e-01, 2.03358713e+00, 1.88217402e+00, 8.91298765e-03,-4.49894224e-08, 6.99994475e-03
 2.11000000e-01, 2.03359168e+00, 1.88217399e+00, 8.91300521e-03,-4.28921322e-08, 6.99994733e-03
 2.12000000e-01, 2.03359601e+00, 1.88217396e+00, 8.91302195e-03,-4.08922615e-08, 6.99994979e-03
 2.13000000e-01, 2.03360020e+00, 1.88217392e+00, 8.91303816e-03,-3.89544435e-08, 6.99995216e-03
 2.14000000e-01, 2.03360419e+00, 1.88217389e+00, 8.91305357e-03,-3.71129975e-08, 6.99995442e-03
 2.15000000e-01, 2.03360797e+00, 1.88217386e+00, 8.91306816e-03,-3.53686766e-08, 6.99995657e-03
 2.16000000e-01, 2.03361155e+00, 1.88217384e+00, 8.91308199e-03,-3.37168994e-08, 6.99995860e-03
 2.17000000e-01, 2.03361494e+00, 1.88217381e+00, 8.91309511e-03,-3.21501559e-08, 6.99996052e-03
 2.18000000e-01, 2.03361824e+00, 1.88217378e+00, 8.91310786e-03,-3.06255680e-08, 6.99996239e-03
 2.19000000e-01, 2.03362130e+00, 1.88217376e+00, 8.91311968e-03,-2.92138963e-08, 6.99996413e-03
 2.20000000e-01, 2.03362421e+00, 1.88217374e+00, 8.91313093e-03,-2.78700472e-08, 6.99996578e-03
 2.21000000e-01, 2.03362705e+00, 1.88217372e+00, 8.91314189e-03,-2.65598713e-08, 6.99996739e-03
 2.22000000e-01, 2.03362977e+00, 1.88217370e+00, 8.91315241e-03,-2.53030440e-08, 6.99996893e-03
 2.23000000e-01, 2.03363236e+00, 1.88217368e+00, 8.91316241e-03,-2.41073867e-08, 6.99997040e-03
 2.24000000e-01, 2.03363484e+00, 1.88217366e+00, 8.91317202e-03,-2.29591899e-08, 6.99997180e-03
 2.25000000e-01, 2.03363722e+00, 1.88217364e+00, 8.91318120e-03,-2.18615153e-08, 6.99997315e-03
 2.26000000e-01, 2.03363946e+00, 1.88217362e+00, 8.91318987e-03,-2.08264216e-08, 6.99997442e-03
 2.27000000e-01, 2.03364164e+00, 1.88217360e+00, 8.91319829e-03,-1.98193750e-08, 6.99997566e-03
 2.28000000e-01, 2.03364365e+00, 1.88217359e+00, 8.91320606e-03,-1.88923913e-08, 6.99997680e-03
 2.29000000e-01, 2.03364561e+00, 1.88217357e+00, 8.91321362e-03,-1.79880771e-08, 6.99997791e-03
 2.30000000e-01, 2.03364747e+00, 1.88217356e+00, 8.91322082e-03,-1.71269530e-08, 6.99997896e-03
 2.31000000e-01, 2.03364920e+00, 1.88217354e+00, 8.91322751e-03,-1.63289126e-08, 6.99997995e-03
 2.32000000e-01, 2.03365089e+00, 1.88217353e+00, 8.91323405e-03,-1.55474614e-08, 6.99998091e-03
 2.33000000e-01, 2.03365248e+00, 1.88217352e+00, 8.91324018e-03,-1.48139042e-08, 6.99998181e-03
 2.34000000e-01, 2.03365398e+00, 1.88217351e+00, 8.91324596e-03,-1.41250387e-08, 6.99998266e-03
 2.35000000e-01, 2.03365544e+00, 1.88217350e+00, 8.91325159e-03,-1.34508592e-08, 6.99998348e-03
 2.36000000e-01, 2.03365680e+00, 1.88217349e+00, 8.91325686e-03,-1.28211873e-08, 6.99998425e-03
 2.37000000e-01, 2.03365808e+00, 1.88217348e+00, 8.91326180e-03,-1.22315002e-08, 6.99998498e-03
 2.38000000e-01, 2.03365936e+00, 1.88217347e+00, 8.91326677e-03,-1.16368953e-08, 6.99998571e-03
 2.39000000e-01, 2.03366057e+00, 1.88217346e+00, 8.91327143e-03,-1.10800163e-08, 6.99998639e-03
 2.40000000e-01, 2.03366170e+00, 1.88217345e+00, 8.91327579e-03,-1.05601862e-08, 6.99998703e-03
 2.41000000e-01, 2.03366280e+00, 1.88217344e+00, 8.91328007e-03,-1.00485309e-08, 6.99998766e-03
 2.42000000e-01, 2.03366387e+00, 1.88217343e+00, 8.91328418e-03,-9.55642200e-09, 6.99998826e-03
 2.43000000e-01, 2.03366485e+00, 1.88217342e+00, 8.91328797e-03,-9.10441728e-09, 6.99998882e-03
 2.44000000e-01, 2.03366579e+00, 1.88217342e+00, 8.91329160e-03,-8.67032311e-09, 6.99998935e-03
 2.45000000e-01, 2.03366672e+00, 1.88217341e+00, 8.91329519e-03,-8.24052646e-09, 6.99998988e-03
 2.46000000e-01, 2.03366758e+00, 1.88217340e+00, 8.91329854e-03,-7.84139519e-09, 6.99999037e-03
 2.47000000e-01, 2.03366838e+00, 1.88217340e+00, 8.91330163e-03,-7.47189548e-09, 6.99999083e-03
 2.48000000e-01, 2.03366918e+00, 1.88217339e+00, 8.91330469e-03,-7.10561830e-09, 6.99999127e-03
 2.49000000e-01, 2.03366993e+00, 1.88217338e+00, 8.91330762e-03,-6.75524748e-09, 6.99999170e-03
 2.50000000e-01, 2.03367062e+00, 1.88217338e+00, 8.91331029e-03,-6.43719773e-09, 6.99999209e-03
 2.51000000e-01, 2.03367128e+00, 1.88217337e+00, 8.91331281e-03,-6.13612047e-09, 6.99999247e-03
 2.52000000e-01, 2.03367194e+00, 1.88217337e+00, 8.91331538e-03,-5.82841509e-09, 6.99999284e-03
 2.53000000e-01, 2.03367257e+00, 1.88217336e+00, 8.91331779e-03,-5.53998733e-09, 6.99999319e-03
 2.54000000e-01, 2.03367312e+00, 1.88217336e+00, 8.91331992e-03,-5.28627312e-09, 6.99999351e-03
 2.55000000e-01, 2.03367366e+00, 1.88217336e+00, 8.91332202e-03,-5.03592267e-09, 6.99999382e-03
 2.56000000e-01, 2.03367420e+00, 1.88217335e+00, 8.91332411e-03,-4.78565276e-09, 6.99999412e-03
 2.57000000e-01, 2.03367471e+00, 1.88217335e+00, 8.91332609e-03,-4.54876219e-09, 6.99999441e-03
 2.58000000e-01, 2.03367516e+00, 1.88217334e+00, 8.91332780e-03,-4.34435997e-09, 6.99999467e-03
 2.59000000e-01, 2.03367561e+00, 1.88217334e+00, 8.91332954e-03,-4.13726893e-09, 6.99999492e-03
 2.60000000e-01, 2.03367607e+00, 1.88217334e+00, 8.91333134e-03,-3.92184510e-09, 6.99999518e-03
 2.61000000e-01, 2.03367647e+00, 1.88217333e+00, 8.91333287e-03,-3.73860929e-09, 6.99999541e-03
 2.62000000e-01, 2.03367682e+00, 1.88217333e+00, 8.91333423e-03,-3.57740545e-09, 6.99999561e-03
 2.63000000e-01, 2.03367721e+00, 1.88217333e+00, 8.91333574e-03,-3.39696497e-09, 6.99999583e-03
 2.64000000e-01, 2.03367759e+00, 1.88217333e+00, 8.91333720e-03,-3.22137067e-09, 6.99999604e-03
 2.65000000e-01, 2.03367791e+00, 1.88217332e+00, 8.91333845e-03,-3.07205933e-09, 6.99999623e-03
 2.66000000e-01, 2.03367822e+00, 1.88217332e+00, 8.91333965e-03,-2.92970816e-09, 6.99999640e-03
 2.67000000e-01, 2.03367854e+00, 1.88217332e+00, 8.91334089e-03,-2.78076059e-09, 6.99999658e-03
 2.68000000e-01, 2.03367883e+00, 1.88217332e+00, 8.91334200e-03,-2.64814398e-09, 6.99999675e-03
 2.69000000e-01, 2.03367910e+00, 1.88217331e+00, 8.91334305e-03,-2.52256037e-09, 6.99999690e-03
 2.70000000e-01, 2.03367937e+00, 1.88217331e+00, 8.91334408e-03,-2.40019402e-09, 6.99999705e-03
 2.71000000e-01, 2.03367963e+00, 1.88217331e+00, 8.91334509e-03,-2.27839897e-09, 6.99999720e-03
 2.72000000e-01, 2.03367987e+00, 1.88217331e+00, 8.91334602e-03,-2.16755240e-09, 6.99999734e-03
 2.73000000e-01, 2.03368009e+00, 1.88217331e+00, 8.91334687e-03,-2.06681231e-09, 6.99999746e-03
 2.74000000e-01, 2.03368030e+00, 1.88217330e+00, 8.91334767e-03,-1.97144829e-09, 6.99999758e-03
 2.75000000e-01, 2.03368052e+00, 1.88217330e+00, 8.91334855e-03,-1.86575258e-09, 6.99999771e-03
 2.76000000e-01, 2.03368073e+00, 1.88217330e+00, 8.91334932e-03,-1.77269114e-09, 6.99999782e-03
 2.77000000e-01, 2.03368088e+00, 1.88217330e+00, 8.91334991e-03,-1.70412983e-09, 6.99999791e-03
 2.78000000e-01, 2.03368107e+00, 1.88217330e+00, 8.91335066e-03,-1.61341212e-09, 6.99999802e-03
 2.79000000e-01, 2.03368127e+00, 1.88217330e+00, 8.91335143e-03,-1.52047798e-09, 6.99999813e-03
 2.80000000e-01, 2.03368141e+00, 1.88217330e+00, 8.91335197e-03,-1.45664636e-09, 6.99999821e-03
 2.81000000e-01, 2.03368154e+00, 1.88217330e+00, 8.91335248e-03,-1.39663863e-09, 6.99999829e-03
 2.82000000e-01, 2.03368171e+00, 1.88217329e+00, 8.91335313e-03,-1.31876172e-09, 6.99999838e-03
 2.83000000e-01, 2.03368184e+00, 1.88217329e+00, 8.91335364e-03,-1.25734924e-09, 6.99999845e-03
 2.84000000e-01, 2.03368196e+00, 1.88217329e+00, 8.91335411e-03,-1.20164495e-09, 6.99999853e-03
 2.85000000e-01, 2.03368209e+00, 1.88217329e+00, 8.91335459e-03,-1.14379313e-09, 6.99999860e-03
 2.86000000e-01, 2.03368221e+00, 1.88217329e+00, 8.91335507e-03,-1.08667530e-09, 6.99999867e-03
 2.87000000e-01, 2.03368234e+00, 1.88217329e+00, 8.91335556e-03,-1.02826991e-09, 6.99999874e-03
 2.88000000e-01, 2.03368244e+00, 1.88217329e+00, 8.91335593e-03,-9.83383480e-10, 6.99999879e-03
 2.89000000e-01, 2.03368253e+00, 1.88217329e+00, 8.91335628e-03,-9.41827008e-10, 6.99999885e-03
 2.90000000e-01, 2.03368265e+00, 1.88217329e+00, 8.91335674e-03,-8.86336008e-10, 6.99999891e-03
 2.91000000e-01, 2.03368275e+00, 1.88217329e+00, 8.91335716e-03,-8.35778068e-10, 6.99999897e-03
 2.92000000e-01, 2.03368280e+00, 1.88217329e+00, 8.91335735e-03,-8.15205538e-10, 6.99999900e-03
 2.93000000e-01, 2.03368291e+00, 1.88217328e+00, 8.91335777e-03,-7.63796365e-10, 6.99999906e-03
 2.94000000e-01, 2.03368301e+00, 1.88217328e+00, 8.91335816e-03,-7.16590133e-10, 6.99999912e-03
 2.95000000e-01, 2.03368307e+00, 1.88217328e+00, 8.91335840e-03,-6.89228949e-10, 6.99999915e-03
 2.96000000e-01, 2.03368313e+00, 1.88217328e+00, 8.91335862e-03,-6.62259655e-10, 6.99999919e-03
 2.97000000e-01, 2.03368321e+00, 1.88217328e+00, 8.91335892e-03,-6.26683834e-10, 6.99999923e-03
 2.98000000e-01, 2.03368328e+00, 1.88217328e+00, 8.91335919e-03,-5.93864481e-10, 6.99999927e-03
 2.99000000e-01, 2.03368334e+00, 1.88217328e+00, 8.91335944e-03,-5.63812842e-10, 6.99999931e-03
 3.00000000e-01, 2.03368338e+00, 1.88217328e+00, 8.91335957e-03,-5.49041931e-10, 6.99999933e-03
 3.01000000e-01, 2.03368344e+00, 1.88217328e+00, 8.91335981e-03,-5.20892665e-10, 6.99999936e-03
 3.02000000e-01, 2.03368352e+00, 1.88217328e+00, 8.91336013e-03,-4.80800212e-10, 6.99999941e-03
 3.03000000e-01, 2.03368355e+00, 1.88217328e+00, 8.91336024e-03,-4.68773605e-10, 6.99999942e-03
 3.04000000e-01, 2.03368358e+00, 1.88217328e+00, 8.91336035e-03,-4.56080051e-10, 6.99999944e-03
 3.05000000e-01, 2.03368365e+00, 1.88217328e+00, 8.91336062e-03,-4.23186258e-10, 6.99999948e-03
 3.06000000e-01, 2.03368370e+00, 1.88217328e+00, 8.91336083e-03,-3.97394271e-10, 6.99999951e-03
 3.07000000e-01, 2.03368372e+00, 1.88217328e+00, 8.91336091e-03,-3.89080054e-10, 6.99999952e-03
 3.08000000e-01, 2.03368378e+00, 1.88217328e+00, 8.91336112e-03,-3.63999403e-10, 6.99999955e-03
 3.09000000e-01, 2.03368383e+00, 1.88217328e+00, 8.91336131e-03,-3.40191429e-10, 6.99999958e-03
 3.10000000e-01, 2.03368386e+00, 1.88217328e+00, 8.91336144e-03,-3.24992954e-10, 6.99999960e-03
 3.11000000e-01, 2.03368388e+00, 1.88217328e+00, 8.91336151e-03,-3.17813932e-10, 6.99999961e-03
 3.12000000e-01, 2.03368392e+00, 1.88217328e+00, 8.91336166e-03,-2.99180138e-10, 6.99999963e-03
 3.13000000e-01, 2.03368396e+00, 1.88217328e+00, 8.91336184e-03,-2.77677213e-10, 6.99999966e-03
 3.14000000e-01, 2.03368399e+00, 1.88217328e+00, 8.91336195e-03,-2.63774244e-10, 6.99999967e-03
 3.15000000e-01, 2.03368399e+00, 1.88217328e+00, 8.91336193e-03,-2.67558243e-10, 6.99999968e-03
 3.16000000e-01, 2.03368403e+00, 1.88217328e+00, 8.91336210e-03,-2.46639315e-10, 6.99999970e-03
 3.17000000e-01, 2.03368408e+00, 1.88217328e+00, 8.91336229e-03,-2.23111261e-10, 6.99999972e-03
 3.18000000e-01, 2.03368409e+00, 1.88217328e+00, 8.91336232e-03,-2.20400440e-10, 6.99999973e-03
 3.19000000e-01, 2.03368409e+00, 1.88217328e+00, 8.91336234e-03,-2.18972518e-10, 6.99999973e-03
 3.20000000e-01, 2.03368415e+00, 1.88217327e+00, 8.91336254e-03,-1.93457946e-10, 6.99999976e-03
 3.21000000e-01, 2.03368416e+00, 1.88217327e+00, 8.91336260e-03,-1.86018322e-10, 6.99999977e-03
 3.22000000e-01, 2.03368417e+00, 1.88217327e+00, 8.91336262e-03,-1.85342881e-10, 6.99999977e-03
 3.23000000e-01, 2.03368418e+00, 1.88217327e+00, 8.91336267e-03,-1.78327113e-10, 6.99999978e-03
 3.24000000e-01, 2.03368420e+00, 1.88217327e+00, 8.91336277e-03,-1.66927826e-10, 6.99999979e-03
 3.25000000e-01, 2.03368422e+00, 1.88217327e+00, 8.91336284e-03,-1.57477354e-10, 6.99999981e-03
 3.26000000e-01, 2.03368423e+00, 1.88217327e+00, 8.91336288e-03,-1.53273703e-10, 6.99999981e-03
 3.27000000e-01, 2.03368424e+00, 1.88217327e+00, 8.91336289e-03,-1.52802989e-10, 6.99999981e-03
 3.28000000e-01, 2.03368428e+00, 1.88217327e+00, 8.91336308e-03,-1.29457664e-10, 6.99999984e-03
 3.29000000e-01, 2.03368429e+00, 1.88217327e+00, 8.91336311e-03,-1.25018812e-10, 6.99999984e-03
 3.30000000e-01, 2.03368427e+00, 1.88217327e+00, 8.91336302e-03,-1.37658206e-10, 6.99999984e-03
 3.31000000e-01, 2.03368431e+00, 1.88217327e+00, 8.91336317e-03,-1.18665583e-10, 6.99999985e-03
 3.32000000e-01, 2.03368434e+00, 1.88217327e+00, 8.91336328e-03,-1.05203775e-10, 6.99999987e-03
 3.33000000e-01, 2.03368433e+00, 1.88217327e+00, 8.91336325e-03,-1.09339793e-10, 6.99999987e-03
 3.34000000e-01, 2.03368434e+00, 1.88217327e+00, 8.91336329e-03,-1.04435853e-10, 6.99999987e-03
 3.35000000e-01, 2.03368436e+00, 1.88217327e+00, 8.91336337e-03,-9.52244997e-11, 6.99999988e-03
 3.36000000e-01, 2.03368438e+00, 1.88217327e+00, 8.91336343e-03,-8.70145131e-11, 6.99999989e-03
 3.37000000e-01, 2.03368439e+00, 1.88217327e+00, 8.91336347e-03,-8.29578845e-11, 6.99999990e-03
 3.38000000e-01, 2.03368437e+00, 1.88217327e+00, 8.91336342e-03,-8.92749244e-11, 6.99999989e-03
 3.39000000e-01, 2.03368440e+00, 1.88217327e+00, 8.91336351e-03,-7.77513885e-11, 6.99999990e-03
 3.40000000e-01, 2.03368442e+00, 1.88217327e+00, 8.91336360e-03,-6.71221224e-11, 6.99999991e-03
 3.41000000e-01, 2.03368441e+00, 1.88217327e+00, 8.91336355e-03,-7.34392483e-11, 6.99999991e-03
 3.42000000e-01, 2.03368440e+00, 1.88217327e+00, 8.91336353e-03,-7.62252847e-11, 6.99999991e-03
 3.43000000e-01, 2.03368444e+00, 1.88217327e+00, 8.91336369e-03,-5.58004426e-11, 6.99999993e-03
 3.44000000e-01, 2.03368443e+00, 1.88217327e+00, 8.91336366e-03,-6.07203244e-11, 6.99999992e-03
 3.45000000e-01, 2.03368442e+00, 1.88217327e+00, 8.91336361e-03,-6.71230884e-11, 6.99999992e-03
 3.46000000e-01, 2.03368444e+00, 1.88217327e+00, 8.91336368e-03,-5.74320781e-11, 6.99999993e-03
 3.47000000e-01, 2.03368447e+00, 1.88217327e+00, 8.91336377e-03,-4.61483064e-11, 6.99999994e-03
 3.48000000e-01, 2.03368446e+00, 1.88217327e+00, 8.91336374e-03,-5.05428880e-11, 6.99999994e-03
 3.49000000e-01, 2.03368446e+00, 1.88217327e+00, 8.91336374e-03,-5.08806334e-11, 6.99999994e-03
 3.50000000e-01, 2.03368446e+00, 1.88217327e+00, 8.91336376e-03,-4.83122831e-11, 6.99999994e-03
 3.51000000e-01, 2.03368448e+00, 1.88217327e+00, 8.91336385e-03,-3.72962440e-11, 6.99999995e-03
 3.52000000e-01, 2.03368449e+00, 1.88217327e+00, 8.91336385e-03,-3.67953785e-11, 6.99999995e-03
 3.53000000e-01, 2.03368446e+00, 1.88217327e+00, 8.91336376e-03,-4.90530764e-11, 6.99999994e-03
 3.54000000e-01, 2.03368448e+00, 1.88217327e+00, 8.91336385e-03,-3.76218766e-11, 6.99999995e-03
 3.55000000e-01, 2.03368451e+00, 1.88217327e+00, 8.91336393e-03,-2.71521479e-11, 6.99999996e-03
 3.56000000e-01, 2.03368449e+00, 1.88217327e+00, 8.91336386e-03,-3.55617868e-11, 6.99999996e-03
 3.57000000e-01, 2.03368449e+00, 1.88217327e+00, 8.91336386e-03,-3.61848660e-11, 6.99999996e-03
 3.58000000e-01, 2.03368452e+00, 1.88217327e+00, 8.91336398e-03,-2.17956013e-11, 6.99999997e-03
 3.59000000e-01, 2.03368451e+00, 1.88217327e+00, 8.91336394e-03,-2.67680764e-11, 6.99999997e-03
 3.60000000e-01, 2.03368450e+00, 1.88217327e+00, 8.91336390e-03,-3.19643653e-11, 6.99999996e-03
 3.61000000e-01, 2.03368451e+00, 1.88217327e+00, 8.91336393e-03,-2.82271278e-11, 6.99999997e-03
 3.62000000e-01, 2.03368453e+00, 1.88217327e+00, 8.91336401e-03,-1.79779354e-11, 6.99999998e-03
 3.63000000e-01, 2.03368452e+00, 1.88217327e+00, 8.91336399e-03,-2.03475327e-11, 6.99999997e-03
 3.64000000e-01, 2.03368451e+00, 1.88217327e+00, 8.91336395e-03,-2.59130191e-11, 6.99999997e-03
 3.65000000e-01, 2.03368451e+00, 1.88217327e+00, 8.91336395e-03,-2.62962577e-11, 6.99999997e-03
 3.66000000e-01, 2.03368454e+00, 1.88217327e+00, 8.91336407e-03,-1.10199616e-11, 6.99999998e-03
 3.67000000e-01, 2.03368454e+00, 1.88217327e+00, 8.91336405e-03,-1.33861072e-11, 6.99999998e-03
 3.68000000e-01, 2.03368450e+00, 1.88217327e+00, 8.91336392e-03,-2.96262231e-11, 6.99999997e-03
 3.69000000e-01, 2.03368453e+00, 1.88217327e+00, 8.91336404e-03,-1.45213882e-11, 6.99999998e-03
 3.70000000e-01, 2.03368455e+00, 1.88217327e+00, 8.91336409e-03,-8.61760538e-12, 6.99999999e-03
 3.71000000e-01, 2.03368452e+00, 1.88217327e+00, 8.91336401e-03,-1.92495294e-11, 6.99999998e-03
 3.72000000e-01, 2.03368453e+00, 1.88217327e+00, 8.91336403e-03,-1.58195436e-11, 6.99999998e-03
 3.73000000e-01, 2.03368454e+00, 1.88217327e+00, 8.91336408e-03,-9.49532731e-12, 6.99999999e-03
 3.74000000e-01, 2.03368455e+00, 1.88217327e+00, 8.91336409e-03,-8.54442922e-12, 6.99999999e-03
 3.75000000e-01, 2.03368454e+00, 1.88217327e+00, 8.91336408e-03,-9.99029471e-12, 6.99999999e-03
 3.76000000e-01, 2.03368453e+00, 1.88217327e+00, 8.91336403e-03,-1.65998368e-11, 6.99999998e-03
 3.77000000e-01, 2.03368455e+00, 1.88217327e+00, 8.91336411e-03,-6.41884532e-12, 6.99999999e-03
 3.78000000e-01, 2.03368456e+00, 1.88217327e+00, 8.91336413e-03,-3.29984959e-12, 6.99999999e-03
 3.79000000e-01, 2.03368453e+00, 1.88217327e+00, 8.91336404e-03,-1.56060120e-11, 6.99999998e-03
 3.80000000e-01, 2.03368453e+00, 1.88217327e+00, 8.91336403e-03,-1.63219666e-11, 6.99999998e-03
 3.81000000e-01, 2.03368457e+00, 1.88217327e+00, 8.91336419e-03, 3.35509972e-12, 7.00000000e-03
 3.82000000e-01, 2.03368455e+00, 1.88217327e+00, 8.91336409e-03,-9.34062645e-12, 6.99999999e-03
 3.83000000e-01, 2.03368453e+00, 1.88217327e+00, 8.91336403e-03,-1.62346438e-11, 6.99999998e-03
 3.84000000e-01, 2.03368455e+00, 1.88217327e+00, 8.91336410e-03,-8.08427337e-12, 6.99999999e-03
 3.85000000e-01, 2.03368456e+00, 1.88217327e+00, 8.91336415e-03,-1.30682055e-12, 7.00000000e-03
 3.86000000e-01, 2.03368455e+00, 1.88217327e+00, 8.91336409e-03,-8.97878612e-12, 6.99999999e-03
 3.87000000e-01, 2.03368455e+00, 1.88217327e+00, 8.91336409e-03,-9.15113779e-12, 6.99999999e-03
 3.88000000e-01, 2.03368455e+00, 1.88217327e+00, 8.91336410e-03,-7.10432451e-12, 6.99999999e-03
 3.89000000e-01, 2.03368456e+00, 1.88217327e+00, 8.91336415e-03,-8.26918813e-13, 7.00000000e-03
 3.90000000e-01, 2.03368456e+00, 1.88217327e+00, 8.91336413e-03,-4.03127338e-12, 6.99999999e-03
 3.91000000e-01, 2.03368454e+00, 1.88217327e+00, 8.91336405e-03,-1.45775673e-11, 6.99999999e-03
 3.92000000e-01, 2.03368456e+00, 1.88217327e+00, 8.91336414e-03,-3.19532532e-12, 7.00000000e-03
 3.93000000e-01, 2.03368458e+00, 1.88217327e+00, 8.91336421e-03, 6.31072872e-12, 7.00000000e-03
 3.94000000e-01, 2.03368455e+00, 1.88217327e+00, 8.91336408e-03,-9.70043768e-12, 6.99999999e-03
 3.95000000e-01, 2.03368455e+00, 1.88217327e+00, 8.91336410e-03,-7.88224269e-12, 6.99999999e-03
 3.96000000e-01, 2.03368458e+00, 1.88217327e+00, 8.91336422e-03, 7.65181914e-12, 7.00000001e-03
 3.97000000e-01, 2.03368456e+00, 1.88217327e+00, 8.91336414e-03,-3.22498906e-12, 7.00000000e-03
 3.98000000e-01, 2.03368455e+00, 1.88217327e+00, 8.91336410e-03,-8.08086205e-12, 6.99999999e-03
 3.99000000e-01, 2.03368456e+00, 1.88217327e+00, 8.91336413e-03,-4.48300385e-12, 7.00000000e-03
 4.00000000e-01, 2.03368457e+00, 1.88217327e+00, 8.91336418e-03, 2.73526422e-12, 7.00000000e-03
 4.01000000e-01, 2.03368456e+00, 1.88217327e+00, 8.91336415e-03,-1.93815594e-12, 7.00000000e-03
 4.02000000e-01, 2.03368455e+00, 1.88217327e+00, 8.91336412e-03,-6.14474508e-12, 6.99999999e-03
 4.03000000e-01, 2.03368455e+00, 1.88217327e+00, 8.91336411e-03,-6.36765332e-12, 6.99999999e-03
 4.04000000e-01, 2.03368458e+00, 1.88217327e+00, 8.91336421e-03, 5.56754282e-12, 7.00000000e-03
 4.05000000e-01, 2.03368456e+00, 1.88217327e+00, 8.91336414e-03,-3.15292701e-12, 7.00000000e-03
 4.06000000e-01, 2.03368454e+00, 1.88217327e+00, 8.91336406e-03,-1.28889502e-11, 6.99999999e-03
 4.07000000e-01, 2.03368456e+00, 1.88217327e+00, 8.91336415e-03,-1.30168175e-12, 7.00000000e-03
 4.08000000e-01, 2.03368458e+00, 1.88217327e+00, 8.91336420e-03, 5.11852543e-12, 7.00000000e-03
 4.09000000e-01, 2.03368454e+00, 1.88217327e+00, 8.91336406e-03,-1.24258406e-11, 6.99999999e-03
 4.10000000e-01, 2.03368455e+00, 1.88217327e+00, 8.91336412e-03,-5.58034672e-12, 6.99999999e-03
 4.11000000e-01, 2.03368457e+00, 1.88217327e+00, 8.91336418e-03, 2.03176935e-12, 7.00000000e-03
 4.12000000e-01, 2.03368456e+00, 1.88217327e+00, 8.91336415e-03,-1.37419674e-12, 7.00000000e-03
 4.13000000e-01, 2.03368455e+00, 1.88217327e+00, 8.91336412e-03,-5.66697181e-12, 6.99999999e-03
 4.14000000e-01, 2.03368455e+00, 1.88217327e+00, 8.91336410e-03,-7.89907816e-12, 6.99999999e-03
 4.15000000e-01, 2.03368458e+00, 1.88217327e+00, 8.91336420e-03, 4.65394970e-12, 7.00000000e-03
 4.16000000e-01, 2.03368457e+00, 1.88217327e+00, 8.91336418e-03, 2.25702164e-12, 7.00000000e-03
 4.17000000e-01, 2.03368454e+00, 1.88217327e+00, 8.91336406e-03,-1.27033000e-11, 6.99999999e-03
 4.18000000e-01, 2.03368455e+00, 1.88217327e+00, 8.91336410e-03,-8.35370628e-12, 6.99999999e-03
 4.19000000e-01, 2.03368458e+00, 1.88217327e+00, 8.91336423e-03, 8.93631446e-12, 7.00000001e-03
 4.20000000e-01, 2.03368455e+00, 1.88217327e+00, 8.91336412e-03,-5.54050999e-12, 6.99999999e-03
 4.21000000e-01, 2.03368455e+00, 1.88217327e+00, 8.91336408e-03,-1.01133775e-11, 6.99999999e-03
 4.22000000e-01, 2.03368456e+00, 1.88217327e+00, 8.91336415e-03,-1.01905888e-12, 7.00000000e-03
 4.23000000e-01, 2.03368457e+00, 1.88217327e+00, 8.91336419e-03, 2.85506952e-12, 7.00000000e-03
 4.24000000e-01, 2.03368455e+00, 1.88217327e+00, 8.91336411e-03,-6.40115749e-12, 6.99999999e-03
 4.25000000e-01, 2.03368456e+00, 1.88217327e+00, 8.91336413e-03,-3.88537340e-12, 7.00000000e-03
 4.26000000e-01, 2.03368457e+00, 1.88217327e+00, 8.91336416e-03,-2.05045262e-13, 7.00000000e-03
 4.27000000e-01, 2.03368457e+00, 1.88217327e+00, 8.91336418e-03, 2.36505929e-12, 7.00000000e-03
 4.28000000e-01, 2.03368456e+00, 1.88217327e+00, 8.91336414e-03,-3.37439456e-12, 7.00000000e-03
 4.29000000e-01, 2.03368455e+00, 1.88217327e+00, 8.91336412e-03,-5.58741589e-12, 7.00000000e-03
 4.30000000e-01, 2.03368457e+00, 1.88217327e+00, 8.91336419e-03, 3.11284739e-12, 7.00000000e-03
 4.31000000e-01, 2.03368457e+00, 1.88217327e+00, 8.91336419e-03, 4.00335526e-12, 7.00000000e-03
 4.32000000e-01, 2.03368454e+00, 1.88217327e+00, 8.91336408e-03,-1.05433878e-11, 6.99999999e-03
 4.33000000e-01, 2.03368456e+00, 1.88217327e+00, 8.91336414e-03,-3.59943342e-12, 7.00000000e-03
 4.34000000e-01, 2.03368459e+00, 1.88217327e+00, 8.91336424e-03, 9.95207414e-12, 7.00000001e-03
 4.35000000e-01, 2.03368456e+00, 1.88217327e+00, 8.91336415e-03,-1.95043203e-12, 7.00000000e-03
 4.36000000e-01, 2.03368456e+00, 1.88217327e+00, 8.91336413e-03,-4.95938089e-12, 7.00000000e-03
 4.37000000e-01, 2.03368457e+00, 1.88217327e+00, 8.91336416e-03,-2.47255826e-13, 7.00000000e-03
 4.38000000e-01, 2.03368458e+00, 1.88217327e+00, 8.91336420e-03, 4.45753590e-12, 7.00000000e-03
 4.39000000e-01, 2.03368457e+00, 1.88217327e+00, 8.91336418e-03, 2.20588937e-12, 7.00000000e-03
 4.40000000e-01, 2.03368456e+00, 1.88217327e+00, 8.91336414e-03,-3.49276574e-12, 7.00000000e-03
 4.41000000e-01, 2.03368456e+00, 1.88217327e+00, 8.91336414e-03,-2.84827914e-12, 7.00000000e-03
 4.42000000e-01, 2.03368459e+00, 1.88217327e+00, 8.91336425e-03, 1.05010966e-11, 7.00000001e-03
 4.43000000e-01, 2.03368457e+00, 1.88217327e+00, 8.91336416e-03,-6.57742449e-14, 7.00000000e-03
 4.44000000e-01, 2.03368454e+00, 1.88217327e+00, 8.91336408e-03,-1.09774905e-11, 6.99999999e-03
 4.45000000e-01, 2.03368458e+00, 1.88217327e+00, 8.91336422e-03, 6.69865414e-12, 7.00000001e-03
 4.46000000e-01, 2.03368458e+00, 1.88217327e+00, 8.91336420e-03, 4.85945833e-12, 7.00000000e-03
 4.47000000e-01, 2.03368454e+00, 1.88217327e+00, 8.91336408e-03,-1.11340136e-11, 6.99999999e-03
 4.48000000e-01, 2.03368457e+00, 1.88217327e+00, 8.91336417e-03, 4.94256390e-13, 7.00000000e-03
 4.49000000e-01, 2.03368458e+00, 1.88217327e+00, 8.91336421e-03, 5.41064584e-12, 7.00000000e-03
 4.50000000e-01, 2.03368457e+00, 1.88217327e+00, 8.91336418e-03, 1.71794190e-12, 7.00000000e-03
 4.51000000e-01, 2.03368456e+00, 1.88217327e+00, 8.91336412e-03,-5.09436198e-12, 7.00000000e-03
 4.52000000e-01, 2.03368456e+00, 1.88217327e+00, 8.91336415e-03,-2.18535019e-12, 7.00000000e-03
 4.53000000e-01, 2.03368458e+00, 1.88217327e+00, 8.91336423e-03, 7.91797050e-12, 7.00000001e-03
 4.54000000e-01, 2.03368458e+00, 1.88217327e+00, 8.91336423e-03, 8.84309592e-12, 7.00000001e-03
 4.55000000e-01, 2.03368455e+00, 1.88217327e+00, 8.91336410e-03,-8.79169356e-12, 6.99999999e-03
 4.56000000e-01, 2.03368457e+00, 1.88217327e+00, 8.91336417e-03, 1.19514002e-12, 7.00000000e-03
 4.57000000e-01, 2.03368459e+00, 1.88217327e+00, 8.91336425e-03, 1.09523793e-11, 7.00000001e-03
 4.58000000e-01, 2.03368456e+00, 1.88217327e+00, 8.91336416e-03,-9.58862486e-13, 7.00000000e-03
 4.59000000e-01, 2.03368455e+00, 1.88217327e+00, 8.91336411e-03,-6.86437421e-12, 6.99999999e-03
 4.60000000e-01, 2.03368458e+00, 1.88217327e+00, 8.91336422e-03, 7.65523259e-12, 7.00000001e-03
 4.61000000e-01, 2.03368457e+00, 1.88217327e+00, 8.91336419e-03, 3.79947071e-12, 7.00000000e-03
 4.62000000e-01, 2.03368456e+00, 1.88217327e+00, 8.91336414e-03,-3.01732943e-12, 7.00000000e-03
 4.63000000e-01, 2.03368455e+00, 1.88217327e+00, 8.91336412e-03,-5.57208426e-12, 6.99999999e-03
 4.64000000e-01, 2.03368458e+00, 1.88217327e+00, 8.91336420e-03, 4.49995407e-12, 7.00000000e-03
 4.65000000e-01, 2.03368457e+00, 1.88217327e+00, 8.91336418e-03, 2.81933504e-12, 7.00000000e-03
 4.66000000e-01, 2.03368455e+00, 1.88217327e+00, 8.91336412e-03,-5.93446421e-12, 6.99999999e-03
 4.67000000e-01, 2.03368455e+00, 1.88217327e+00, 8.91336411e-03,-6.97064621e-12, 6.99999999e-03
 4.68000000e-01, 2.03368458e+00, 1.88217327e+00, 8.91336423e-03, 8.14683732e-12, 7.00000001e-03
 4.69000000e-01, 2.03368457e+00, 1.88217327e+00, 8.91336419e-03, 3.72015200e-12, 7.00000000e-03
 4.70000000e-01, 2.03368454e+00, 1.88217327e+00, 8.91336406e-03,-1.29429366e-11, 6.99999999e-03
 4.71000000e-01, 2.03368456e+00, 1.88217327e+00, 8.91336416e-03,-4.52636261e-13, 7.00000000e-03
 4.72000000e-01, 2.03368459e+00, 1.88217327e+00, 8.91336425e-03, 1.04037236e-11, 7.00000001e-03
 4.73000000e-01, 2.03368456e+00, 1.88217327e+00, 8.91336414e-03,-2.38304702e-12, 7.00000000e-03
 4.74000000e-01, 2.03368455e+00, 1.88217327e+00, 8.91336411e-03,-7.19975017e-12, 6.99999999e-03
 4.75000000e-01, 2.03368456e+00, 1.88217327e+00, 8.91336416e-03,-7.45381654e-13, 7.00000000e-03
 4.76000000e-01, 2.03368457e+00, 1.88217327e+00, 8.91336417e-03, 1.07580367e-12, 7.00000000e-03
 4.77000000e-01, 2.03368456e+00, 1.88217327e+00, 8.91336414e-03,-2.59012690e-12, 7.00000000e-03
 4.78000000e-01, 2.03368455e+00, 1.88217327e+00, 8.91336409e-03,-9.00799765e-12, 6.99999999e-03
 4.79000000e-01, 2.03368456e+00, 1.88217327e+00, 8.91336415e-03,-2.01953924e-12, 7.00000000e-03
 4.80000000e-01, 2.03368457e+00, 1.88217327e+00, 8.91336419e-03, 3.40566400e-12, 7.00000000e-03
 4.81000000e-01, 2.03368456e+00, 1.88217327e+00, 8.91336413e-03,-4.40936362e-12, 7.00000000e-03
 4.82000000e-01, 2.03368454e+00, 1.88217327e+00, 8.91336407e-03,-1.12918400e-11, 6.99999999e-03
 4.83000000e-01, 2.03368458e+00, 1.88217327e+00, 8.91336423e-03, 8.96632050e-12, 7.00000001e-03
 4.84000000e-01, 2.03368457e+00, 1.88217327e+00, 8.91336418e-03, 2.40908280e-12, 7.00000000e-03
 4.85000000e-01, 2.03368454e+00, 1.88217327e+00, 8.91336407e-03,-1.18688049e-11, 6.99999999e-03
 4.86000000e-01, 2.03368457e+00, 1.88217327e+00, 8.91336417e-03, 8.48275663e-13, 7.00000000e-03
 4.87000000e-01, 2.03368457e+00, 1.88217327e+00, 8.91336419e-03, 3.84236769e-12, 7.00000000e-03
 4.88000000e-01, 2.03368456e+00, 1.88217327e+00, 8.91336415e-03,-1.14674138e-12, 7.00000000e-03
 4.89000000e-01, 2.03368455e+00, 1.88217327e+00, 8.91336412e-03,-5.48912832e-12, 6.99999999e-03
 4.90000000e-01, 2.03368456e+00, 1.88217327e+00, 8.91336415e-03,-1.40939019e-12, 7.00000000e-03
 4.91000000e-01, 2.03368457e+00, 1.88217327e+00, 8.91336418e-03, 2.23490567e-12, 7.00000000e-03
 4.92000000e-01, 2.03368458e+00, 1.88217327e+00, 8.91336421e-03, 6.21878926e-12, 7.00000001e-03
 4.93000000e-01, 2.03368455e+00, 1.88217327e+00, 8.91336410e-03,-8.70012571e-12, 6.99999999e-03
 4.94000000e-01, 2.03368457e+00, 1.88217327e+00, 8.91336419e-03, 3.02537996e-12, 7.00000000e-03
 4.95000000e-01, 2.03368459e+00, 1.88217327e+00, 8.91336424e-03, 9.58143243e-12, 7.00000001e-03
 4.96000000e-01, 2.03368456e+00, 1.88217327e+00, 8.91336413e-03,-4.49937968e-12, 7.00000000e-03
 4.97000000e-01, 2.03368455e+00, 1.88217327e+00, 8.91336411e-03,-6.41380155e-12, 6.99999999e-03
 4.98000000e-01, 2.03368459e+00, 1.88217327e+00, 8.91336424e-03, 1.00499552e-11, 7.00000001e-03
 4.99000000e-01, 2.03368457e+00, 1.88217327e+00, 8.91336418e-03, 2.13523789e-12, 7.00000000e-03
 5.00000000e-01, 2.03368455e+00, 1.88217327e+00, 8.91336411e-03,-7.25599332e-12, 6.99999999e-03
 5.01000000e-01, 2.03368456e+00, 1.88217327e+00, 8.91336416e-03,-5.77878568e-13, 7.00000000e-03
 5.02000000e-01, 2.03368457e+00, 1.88217327e+00, 8.91336419e-03, 3.31313722e-12, 7.00000000e-03
 5.03000000e-01, 2.03368458e+00, 1.88217327e+00, 8.91336420e-03, 5.11004835e-12, 7.00000000e-03
 5.04000000e-01, 2.03368455e+00, 1.88217327e+00, 8.91336411e-03,-6.30241187e-12, 6.99999999e-03
 5.05000000e-01, 2.03368456e+00, 1.88217327e+00, 8.91336415e-03,-1.95363137e-12, 7.00000000e-03
 5.06000000e-01, 2.03368458e+00, 1.88217327e+00, 8.91336422e-03, 6.81285404e-12, 7.00000001e-03
 5.07000000e-01, 2.03368458e+00, 1.88217327e+00, 8.91336420e-03, 5.03259127e-12, 7.00000000e-03
 5.08000000e-01, 2.03368455e+00, 1.88217327e+00, 8.91336409e-03,-8.95800452e-12, 6.99999999e-03
 5.09000000e-01, 2.03368457e+00, 1.88217327e+00, 8.91336417e-03, 2.66050622e-13, 7.00000000e-03
 5.10000000e-01, 2.03368458e+00, 1.88217327e+00, 8.91336423e-03, 8.83647794e-12, 7.00000001e-03
 5.11000000e-01, 2.03368455e+00, 1.88217327e+00, 8.91336412e-03,-5.66450236e-12, 7.00000000e-03
 5.12000000e-01, 2.03368456e+00, 1.88217327e+00, 8.91336414e-03,-3.19028470e-12, 7.00000000e-03
 5.13000000e-01, 2.03368458e+00, 1.88217327e+00, 8.91336420e-03, 5.07780581e-12, 7.00000000e-03
 5.14000000e-01, 2.03368457e+00, 1.88217327e+00, 8.91336419e-03, 3.17185746e-12, 7.00000000e-03
 5.15000000e-01, 2.03368455e+00, 1.88217327e+00, 8.91336410e-03,-7.69200234e-12, 6.99999999e-03
 5.16000000e-01, 2.03368456e+00, 1.88217327e+00, 8.91336416e-03,-9.80780306e-13, 7.00000000e-03
 5.17000000e-01, 2.03368457e+00, 1.88217327e+00, 8.91336419e-03, 3.62915493e-12, 7.00000000e-03
 5.18000000e-01, 2.03368458e+00, 1.88217327e+00, 8.91336420e-03, 4.34965896e-12, 7.00000000e-03
 5.19000000e-01, 2.03368454e+00, 1.88217327e+00, 8.91336408e-03,-1.06665317e-11, 6.99999999e-03
 5.20000000e-01, 2.03368455e+00, 1.88217327e+00, 8.91336410e-03,-7.73821445e-12, 6.99999999e-03
 5.21000000e-01, 2.03368458e+00, 1.88217327e+00, 8.91336422e-03, 6.57468752e-12, 7.00000001e-03
 5.22000000e-01, 2.03368457e+00, 1.88217327e+00, 8.91336419e-03, 3.23196262e-12, 7.00000000e-03
 5.23000000e-01, 2.03368454e+00, 1.88217327e+00, 8.91336406e-03,-1.33897334e-11, 6.99999999e-03
 5.24000000e-01, 2.03368457e+00, 1.88217327e+00, 8.91336417e-03, 5.89184884e-13, 7.00000000e-03
 5.25000000e-01, 2.03368458e+00, 1.88217327e+00, 8.91336421e-03, 5.74610011e-12, 7.00000000e-03
 5.26000000e-01, 2.03368455e+00, 1.88217327e+00, 8.91336412e-03,-5.50593778e-12, 7.00000000e-03
 5.27000000e-01, 2.03368456e+00, 1.88217327e+00, 8.91336414e-03,-2.39955903e-12, 7.00000000e-03
 5.28000000e-01, 2.03368456e+00, 1.88217327e+00, 8.91336415e-03,-1.26855513e-12, 7.00000000e-03
 5.29000000e-01, 2.03368456e+00, 1.88217327e+00, 8.91336416e-03,-5.32021584e-13, 7.00000000e-03
 5.30000000e-01, 2.03368456e+00, 1.88217327e+00, 8.91336414e-03,-2.41984911e-12, 7.00000000e-03
 5.31000000e-01, 2.03368455e+00, 1.88217327e+00, 8.91336409e-03,-9.20555351e-12, 6.99999999e-03
 5.32000000e-01, 2.03368457e+00, 1.88217327e+00, 8.91336417e-03, 3.91531506e-13, 7.00000000e-03
 5.33000000e-01, 2.03368458e+00, 1.88217327e+00, 8.91336422e-03, 7.61167098e-12, 7.00000001e-03
 5.34000000e-01, 2.03368454e+00, 1.88217327e+00, 8.91336406e-03,-1.36128731e-11, 6.99999999e-03
 5.35000000e-01, 2.03368455e+00, 1.88217327e+00, 8.91336412e-03,-6.00080277e-12, 6.99999999e-03
 5.36000000e-01, 2.03368458e+00, 1.88217327e+00, 8.91336423e-03, 8.61985416e-12, 7.00000001e-03
 5.37000000e-01, 2.03368457e+00, 1.88217327e+00, 8.91336416e-03, 6.43715634e-14, 7.00000000e-03
 5.38000000e-01, 2.03368454e+00, 1.88217327e+00, 8.91336407e-03,-1.14670995e-11, 6.99999999e-03
 5.39000000e-01, 2.03368457e+00, 1.88217327e+00, 8.91336417e-03, 5.72238065e-13, 7.00000000e-03
 5.40000000e-01, 2.03368457e+00, 1.88217327e+00, 8.91336418e-03, 2.73944956e-12, 7.00000000e-03
 5.41000000e-01, 2.03368456e+00, 1.88217327e+00, 8.91336415e-03,-9.83223291e-13, 7.00000000e-03
 5.42000000e-01, 2.03368455e+00, 1.88217327e+00, 8.91336408e-03,-9.82582222e-12, 6.99999999e-03
 5.43000000e-01, 2.03368456e+00, 1.88217327e+00, 8.91336413e-03,-3.76476087e-12, 7.00000000e-03
 5.44000000e-01, 2.03368457e+00, 1.88217327e+00, 8.91336418e-03, 2.41914499e-12, 7.00000000e-03
 5.45000000e-01, 2.03368456e+00, 1.88217327e+00, 8.91336415e-03,-1.02217779e-12, 7.00000000e-03
 5.46000000e-01, 2.03368454e+00, 1.88217327e+00, 8.91336407e-03,-1.14733023e-11, 6.99999999e-03
 5.47000000e-01, 2.03368456e+00, 1.88217327e+00, 8.91336416e-03,-4.75195569e-13, 7.00000000e-03
 5.48000000e-01, 2.03368458e+00, 1.88217327e+00, 8.91336420e-03, 4.74748039e-12, 7.00000000e-03
 5.49000000e-01, 2.03368454e+00, 1.88217327e+00, 8.91336407e-03,-1.13230093e-11, 6.99999999e-03
 5.50000000e-01, 2.03368456e+00, 1.88217327e+00, 8.91336412e-03,-4.92553369e-12, 7.00000000e-03
 5.51000000e-01, 2.03368459e+00, 1.88217327e+00, 8.91336424e-03, 1.00145627e-11, 7.00000001e-03
 5.52000000e-01, 2.03368457e+00, 1.88217327e+00, 8.91336419e-03, 3.44121620e-12, 7.00000000e-03
 5.53000000e-01, 2.03368455e+00, 1.88217327e+00, 8.91336412e-03,-5.87943394e-12, 7.00000000e-03
 5.54000000e-01, 2.03368456e+00, 1.88217327e+00, 8.91336415e-03,-2.34793800e-12, 7.00000000e-03
 5.55000000e-01, 2.03368458e+00, 1.88217327e+00, 8.91336420e-03, 4.58942454e-12, 7.00000000e-03
 5.56000000e-01, 2.03368457e+00, 1.88217327e+00, 8.91336420e-03, 4.29872884e-12, 7.00000000e-03
 5.57000000e-01, 2.03368455e+00, 1.88217327e+00, 8.91336410e-03,-8.61228216e-12, 6.99999999e-03
 5.58000000e-01, 2.03368456e+00, 1.88217327e+00, 8.91336413e-03,-4.73365234e-12, 7.00000000e-03
 5.59000000e-01, 2.03368458e+00, 1.88217327e+00, 8.91336422e-03, 7.12250575e-12, 7.00000001e-03
 5.60000000e-01, 2.03368457e+00, 1.88217327e+00, 8.91336418e-03, 2.54495430e-12, 7.00000000e-03
 5.61000000e-01, 2.03368454e+00, 1.88217327e+00, 8.91336407e-03,-1.15619715e-11, 6.99999999e-03
 5.62000000e-01, 2.03368457e+00, 1.88217327e+00, 8.91336420e-03, 3.96530128e-12, 7.00000000e-03
 5.63000000e-01, 2.03368457e+00, 1.88217327e+00, 8.91336418e-03, 1.62190312e-12, 7.00000000e-03
 5.64000000e-01, 2.03368455e+00, 1.88217327e+00, 8.91336411e-03,-7.04797816e-12, 6.99999999e-03
 5.65000000e-01, 2.03368456e+00, 1.88217327e+00, 8.91336413e-03,-4.56289035e-12, 7.00000000e-03
 5.66000000e-01, 2.03368457e+00, 1.88217327e+00, 8.91336418e-03, 2.72132954e-12, 7.00000000e-03
 5.67000000e-01, 2.03368456e+00, 1.88217327e+00, 8.91336416e-03,-5.33996561e-13, 7.00000000e-03
 5.68000000e-01, 2.03368456e+00, 1.88217327e+00, 8.91336413e-03,-4.87990883e-12, 7.00000000e-03
 5.69000000e-01, 2.03368455e+00, 1.88217327e+00, 8.91336411e-03,-7.04149066e-12, 6.99999999e-03
 5.70000000e-01, 2.03368458e+00, 1.88217327e+00, 8.91336420e-03, 5.16753726e-12, 7.00000000e-03
 5.71000000e-01, 2.03368458e+00, 1.88217327e+00, 8.91336422e-03, 7.22864787e-12, 7.00000001e-03
 5.72000000e-01, 2.03368454e+00, 1.88217327e+00, 8.91336407e-03,-1.22486336e-11, 6.99999999e-03
 5.73000000e-01, 2.03368456e+00, 1.88217327e+00, 8.91336414e-03,-3.58418450e-12, 7.00000000e-03
 5.74000000e-01, 2.03368458e+00, 1.88217327e+00, 8.91336423e-03, 8.83808501e-12, 7.00000001e-03
 5.75000000e-01, 2.03368456e+00, 1.88217327e+00, 8.91336415e-03,-1.12951694e-12, 7.00000000e-03
 5.76000000e-01, 2.03368455e+00, 1.88217327e+00, 8.91336412e-03,-6.00192729e-12, 7.00000000e-03
 5.77000000e-01, 2.03368457e+00, 1.88217327e+00, 8.91336419e-03, 2.83087930e-12, 7.00000000e-03
 5.78000000e-01, 2.03368457e+00, 1.88217327e+00, 8.91336418e-03, 2.03884480e-12, 7.00000000e-03
 5.79000000e-01, 2.03368457e+00, 1.88217327e+00, 8.91336417e-03, 1.47482331e-12, 7.00000000e-03
 5.80000000e-01, 2.03368456e+00, 1.88217327e+00, 8.91336413e-03,-4.82550938e-12, 7.00000000e-03
 5.81000000e-01, 2.03368457e+00, 1.88217327e+00, 8.91336419e-03, 2.80220438e-12, 7.00000000e-03
 5.82000000e-01, 2.03368458e+00, 1.88217327e+00, 8.91336421e-03, 5.32697895e-12, 7.00000000e-03
 5.83000000e-01, 2.03368456e+00, 1.88217327e+00, 8.91336416e-03,-5.95005383e-13, 7.00000000e-03
 5.84000000e-01, 2.03368455e+00, 1.88217327e+00, 8.91336411e-03,-6.93667831e-12, 6.99999999e-03
 5.85000000e-01, 2.03368458e+00, 1.88217327e+00, 8.91336421e-03, 5.78161830e-12, 7.00000001e-03
 5.86000000e-01, 2.03368458e+00, 1.88217327e+00, 8.91336422e-03, 6.54042912e-12, 7.00000001e-03
 5.87000000e-01, 2.03368454e+00, 1.88217327e+00, 8.91336407e-03,-1.23182447e-11, 6.99999999e-03
 5.88000000e-01, 2.03368456e+00, 1.88217327e+00, 8.91336416e-03,-9.00744151e-13, 7.00000000e-03
 5.89000000e-01, 2.03368459e+00, 1.88217327e+00, 8.91336426e-03, 1.21308145e-11, 7.00000001e-03
 5.90000000e-01, 2.03368457e+00, 1.88217327e+00, 8.91336417e-03, 3.86396707e-13, 7.00000000e-03
 5.91000000e-01, 2.03368456e+00, 1.88217327e+00, 8.91336414e-03,-2.78462673e-12, 7.00000000e-03
 5.92000000e-01, 2.03368457e+00, 1.88217327e+00, 8.91336418e-03, 1.84140298e-12, 7.00000000e-03
 5.93000000e-01, 2.03371433e+00, 1.88217304e+00, 8.91347916e-03,-1.02606915e-07, 6.99988660e-03
 5.94000000e-01, 2.03382035e+00, 1.88217222e+00, 8.91388887e-03,-4.02290661e-07, 6.99953752e-03
 5.95000000e-01, 2.03404912e+00, 1.88217045e+00, 8.91477289e-03,-9.77937910e-07, 6.99886564e-03
 5.96000000e-01, 2.03459633e+00, 1.88216623e+00, 8.91688732e-03,-2.32566263e-06, 6.99728827e-03
 5.97000000e-01, 2.03552842e+00, 1.88215902e+00, 8.92048871e-03,-4.35274072e-06, 6.99486977e-03
 5.98000000e-01, 2.03686505e+00, 1.88214869e+00, 8.92565253e-03,-6.86978515e-06, 6.99183473e-03
 5.99000000e-01, 2.03883813e+00, 1.88213345e+00, 8.93327387e-03,-1.05070154e-05, 6.98752701e-03
 6.00000000e-01, 2.04270328e+00, 1.88210360e+00, 8.94819916e-03,-1.86547452e-05, 6.97795768e-03
 6.01000000e-01, 2.04902299e+00, 1.88205482e+00, 8.97259005e-03,-3.12353055e-05, 6.96293222e-03
 6.02000000e-01, 2.06209625e+00, 1.88195401e+00, 9.02299622e-03,-5.97545831e-05, 6.92918584e-03
 6.03000000e-01, 2.09505228e+00, 1.88170047e+00, 9.14976624e-03,-1.31708958e-04, 6.84049175e-03
 6.04000000e-01, 2.16782339e+00, 1.88114360e+00, 9.42819998e-03,-2.62919417e-04, 6.66803628e-03
 6.05000000e-01, 2.27301482e+00, 1.88034574e+00, 9.82712755e-03,-3.97915349e-04, 6.48599141e-03
 6.06000000e-01, 2.42468115e+00, 1.87920970e+00, 1.03951514e-02,-4.77607569e-04, 6.31643645e-03
 6.07000000e-01, 2.63312246e+00, 1.87767475e+00, 1.11626242e-02,-5.97456118e-04, 6.16077078e-03
 6.08000000e-01, 2.84272777e+00, 1.87616043e+00, 1.19197829e-02,-6.89720738e-04, 6.06971650e-03
 6.09000000e-01, 3.02825161e+00, 1.87484324e+00, 1.25783824e-02,-7.49088383e-04, 6.00871276e-03
 6.10000000e-01, 3.20310335e+00, 1.87362074e+00, 1.31896316e-02,-7.82325432e-04, 5.97784452e-03
 6.11000000e-01, 3.36970937e+00, 1.87247224e+00, 1.37638806e-02,-8.08781066e-04, 5.95713594e-03
 6.12000000e-01, 3.52935461e+00, 1.87138609e+00, 1.43069535e-02,-8.27479737e-04, 5.94282137e-03
 6.13000000e-01, 3.68380478e+00, 1.87034817e+00, 1.48259139e-02,-8.44882438e-04, 5.93236463e-03
 6.14000000e-01, 3.83208290e+00, 1.86936323e+00, 1.53183870e-02,-8.58188069e-04, 5.92420143e-03
 6.15000000e-01, 3.97698233e+00, 1.86841124e+00, 1.57943795e-02,-8.65260576e-04, 5.91945798e-03
 6.16000000e-01, 4.12083628e+00, 1.86747608e+00, 1.62619592e-02,-8.69030293e-04, 5.91683438e-03
 6.17000000e-01, 4.26473686e+00, 1.86655024e+00, 1.67248811e-02,-8.71824219e-04, 5.91519794e-03
 6.18000000e-01, 4.40863056e+00, 1.86563377e+00, 1.71831166e-02,-8.74291848e-04, 5.91388082e-03
 6.19000000e-01, 4.55290426e+00, 1.86472396e+00, 1.76380184e-02,-8.75746437e-04, 5.91308859e-03
 6.20000000e-01, 4.69730477e+00, 1.86382221e+00, 1.80888968e-02,-8.78404516e-04, 5.91227885e-03
 6.21000000e-01, 4.84156097e+00, 1.86292994e+00, 1.85350325e-02,-8.79875753e-04, 5.91179531e-03
 6.22000000e-01, 4.98627111e+00, 1.86204323e+00, 1.89783827e-02,-8.80451234e-04, 5.91181880e-03
 6.23000000e-01, 5.13151410e+00, 1.86116147e+00, 1.94192629e-02,-8.81144243e-04, 5.91199848e-03
 6.24000000e-01, 5.27734981e+00, 1.86028416e+00, 1.98579194e-02,-8.81233863e-04, 5.91240836e-03
 6.25000000e-01, 5.42396343e+00, 1.85941008e+00, 2.02949617e-02,-8.81457825e-04, 5.91297357e-03
 6.26000000e-01, 5.57092933e+00, 1.85854164e+00, 2.07291803e-02,-8.81910920e-04, 5.91349878e-03
 6.27000000e-01, 5.71837121e+00, 1.85767798e+00, 2.11610097e-02,-8.81711001e-04, 5.91428582e-03
 6.28000000e-01, 5.86644066e+00, 1.85681810e+00, 2.15909497e-02,-8.81713755e-04, 5.91521942e-03
 6.29000000e-01, 6.01474821e+00, 1.85596414e+00, 2.20179317e-02,-8.81754296e-04, 5.91617464e-03
 6.30000000e-01, 6.16344447e+00, 1.85511508e+00, 2.24424579e-02,-8.81219265e-04, 5.91739422e-03
 6.31000000e-01, 6.31273943e+00, 1.85426964e+00, 2.28651812e-02,-8.80383342e-04, 5.91882448e-03
 6.32000000e-01, 6.46271205e+00, 1.85342727e+00, 2.32863661e-02,-8.79364775e-04, 5.92038888e-03
 6.33000000e-01, 6.61341529e+00, 1.85258761e+00, 2.37061968e-02,-8.78206956e-04, 5.92205882e-03
 6.34000000e-01, 6.76487324e+00, 1.85175046e+00, 2.41247718e-02,-8.76962895e-04, 5.92381065e-03
 6.35000000e-01, 6.91655477e+00, 1.85091866e+00, 2.45406701e-02,-8.77251934e-04, 5.92538967e-03
 6.36000000e-01, 7.06762648e+00, 1.85009661e+00, 2.49516952e-02,-8.77109335e-04, 5.92708072e-03
 6.37000000e-01, 7.21838032e+00, 1.84928251e+00, 2.53587434e-02,-8.76242965e-04, 5.92922459e-03
 6.38000000e-01, 7.36884032e+00, 1.84847606e+00, 2.57619679e-02,-8.75240826e-04, 5.93166989e-03
 6.39000000e-01, 7.51901427e+00, 1.84767705e+00, 2.61614737e-02,-8.73712362e-04, 5.93446384e-03
 6.40000000e-01, 7.66896543e+00, 1.84688498e+00, 2.65575078e-02,-8.72079432e-04, 5.93756657e-03
 6.41000000e-01, 7.81835997e+00, 1.84610146e+00, 2.69492719e-02,-8.70358088e-04, 5.94092548e-03
 6.42000000e-01, 7.96718179e+00, 1.84532637e+00, 2.73368136e-02,-8.68007150e-04, 5.94470755e-03
 6.43000000e-01, 8.11595577e+00, 1.84455685e+00, 2.77215729e-02,-8.64294690e-04, 5.94903059e-03
 6.44000000e-01, 8.26510646e+00, 1.84379061e+00, 2.81046929e-02,-8.60572187e-04, 5.95360418e-03
 6.45000000e-01, 8.41441682e+00, 1.84302869e+00, 2.84856547e-02,-8.56950408e-04, 5.95828759e-03
 6.46000000e-01, 8.56377037e+00, 1.84227159e+00, 2.88642069e-02,-8.52799960e-04, 5.96318215e-03
 6.47000000e-01, 8.71372062e+00, 1.84151643e+00, 2.92417859e-02,-8.48098256e-04, 5.96833571e-03
 6.48000000e-01, 8.86421815e+00, 1.84076343e+00, 2.96182872e-02,-8.43749258e-04, 5.97347029e-03
 6.49000000e-01, 9.01495574e+00, 1.84001406e+00, 2.99929705e-02,-8.39579219e-04, 5.97861691e-03
 6.50000000e-01, 9.16587200e+00, 1.83926856e+00, 3.03657191e-02,-8.34635515e-04, 5.98392811e-03
 6.51000000e-01, 9.31808964e+00, 1.83852137e+00, 3.07393164e-02,-8.28940111e-04, 5.98938073e-03
 6.52000000e-01, 9.47165436e+00, 1.83777228e+00, 3.11138576e-02,-8.24148149e-04, 5.99444375e-03
 6.53000000e-01, 9.62609894e+00, 1.83702361e+00, 3.14881961e-02,-8.19977346e-04, 5.99916096e-03
 6.54000000e-01, 9.78109549e+00, 1.83627690e+00, 3.18615484e-02,-8.16131529e-04, 6.00370206e-03
 6.55000000e-01, 9.93643719e+00, 1.83553312e+00, 3.22334390e-02,-8.12429547e-04, 6.00818957e-03
 6.56000000e-01, 1.00919895e+01, 1.83479285e+00, 3.26035751e-02,-8.08765014e-04, 6.01269939e-03
 6.57000000e-01, 1.02476180e+01, 1.83405666e+00, 3.29716715e-02,-8.05308205e-04, 6.01726737e-03
 6.58000000e-01, 1.04026889e+01, 1.83332744e+00, 3.33362787e-02,-8.02151525e-04, 6.02197881e-03
 6.59000000e-01, 1.05569730e+01, 1.83260615e+00, 3.36969234e-02,-7.98401169e-04, 6.02713142e-03
 6.60000000e-01, 1.07105838e+01, 1.83189213e+00, 3.40539370e-02,-7.94134327e-04, 6.03273664e-03
 6.61000000e-01, 1.08635866e+01, 1.83118494e+00, 3.44075316e-02,-7.89471774e-04, 6.03872862e-03
 6.62000000e-01, 1.10153860e+01, 1.83048720e+00, 3.47563998e-02,-7.85662066e-04, 6.04507104e-03
 6.63000000e-01, 1.11648370e+01, 1.82980398e+00, 3.50980086e-02,-7.80896486e-04, 6.05231734e-03
 6.64000000e-01, 1.13120847e+01, 1.82913439e+00, 3.54328033e-02,-7.74762589e-04, 6.06072884e-03
 6.65000000e-01, 1.14561289e+01, 1.82848273e+00, 3.57586331e-02,-7.73950525e-04, 6.07013996e-03
 6.66000000e-01, 1.15778062e+01, 1.82793482e+00, 3.60325920e-02,-7.75412161e-04, 6.08644724e-03
 6.67000000e-01, 1.16902048e+01, 1.82743073e+00, 3.62846343e-02,-7.44381238e-04, 6.11388579e-03
 6.68000000e-01, 1.18073205e+01, 1.82690756e+00, 3.65462195e-02,-7.16136485e-04, 6.14056630e-03
 6.69000000e-01, 1.19282667e+01, 1.82636947e+00, 3.68152649e-02,-6.93708054e-04, 6.16332882e-03
 6.70000000e-01, 1.20511873e+01, 1.82582485e+00, 3.70875760e-02,-6.75561602e-04, 6.18273546e-03
 6.71000000e-01, 1.21741761e+01, 1.82528217e+00, 3.73589155e-02,-6.61550555e-04, 6.20002291e-03
 6.72000000e-01, 1.22921994e+01, 1.82476349e+00, 3.76182573e-02,-6.48182305e-04, 6.21868597e-03
 6.73000000e-01, 1.24034941e+01, 1.82427622e+00, 3.78618887e-02,-6.30799985e-04, 6.24119671e-03
 6.74000000e-01, 1.25081899e+01, 1.82381947e+00, 3.80902642e-02,-6.09490653e-04, 6.26761467e-03
 6.75000000e-01, 1.26064753e+01, 1.82339210e+00, 3.83039488e-02,-5.84968841e-04, 6.29750593e-03
 6.76000000e-01, 1.26981302e+01, 1.82299479e+00, 3.85026062e-02,-5.57240096e-04, 6.33070806e-03
 6.77000000e-01, 1.27856892e+01, 1.82261632e+00, 3.86918394e-02,-5.26772879e-04, 6.36468331e-03
 6.78000000e-01, 1.28718428e+01, 1.82224496e+00, 3.88775184e-02,-4.99560604e-04, 6.39573396e-03
 6.79000000e-01, 1.29561199e+01, 1.82188268e+00, 3.90586611e-02,-4.75428403e-04, 6.42389229e-03
 6.80000000e-01, 1.30378473e+01, 1.82153227e+00, 3.92338629e-02,-4.53290703e-04, 6.45008931e-03
 6.81000000e-01, 1.31165176e+01, 1.82119583e+00, 3.94020854e-02,-4.32308005e-04, 6.47514293e-03
 6.82000000e-01, 1.31915896e+01, 1.82087554e+00, 3.95622276e-02,-4.12102551e-04, 6.49983488e-03
 6.83000000e-01, 1.32600927e+01, 1.82058394e+00, 3.97080301e-02,-3.89810928e-04, 6.52779908e-03
 6.84000000e-01, 1.33201738e+01, 1.82032870e+00, 3.98356522e-02,-3.62403657e-04, 6.56132544e-03
 6.85000000e-01, 1.33715934e+01, 1.82011063e+00, 3.99446875e-02,-3.30427152e-04, 6.59999334e-03
 6.86000000e-01, 1.34141308e+01, 1.81993049e+00, 4.00347575e-02,-2.94479218e-04, 6.64318745e-03
 6.87000000e-01, 1.34477843e+01, 1.81978813e+00, 4.01059329e-02,-2.55360374e-04, 6.69001175e-03
 6.88000000e-01, 1.34723727e+01, 1.81968422e+00, 4.01578896e-02,-2.13666940e-04, 6.73990759e-03
 6.89000000e-01, 1.34874503e+01, 1.81962054e+00, 4.01897302e-02,-1.69420029e-04, 6.79283862e-03
 6.90000000e-01, 1.34925328e+01, 1.81959908e+00, 4.02004599e-02,-1.22568589e-04, 6.84886353e-03
 6.91000000e-01, 1.34866163e+01, 1.81962406e+00, 4.01879694e-02,-7.22956018e-05, 6.90902592e-03
 6.92000000e-01, 1.34630209e+01, 1.81972373e+00, 4.01381333e-02,-7.95159231e-06, 6.98495993e-03
 6.93000000e-01, 1.34173480e+01, 1.81991687e+00, 4.00415647e-02, 7.49501048e-05, 7.08203893e-03
 6.94000000e-01, 1.33543870e+01, 1.82018356e+00, 3.99082206e-02, 1.61003583e-04, 7.18485023e-03
 6.95000000e-01, 1.32806046e+01, 1.82049674e+00, 3.97516276e-02, 2.37035065e-04, 7.27725789e-03
 6.96000000e-01, 1.31971357e+01, 1.82085191e+00, 3.95740436e-02, 3.03894300e-04, 7.35896678e-03
 6.97000000e-01, 1.31043466e+01, 1.82124783e+00, 3.93760871e-02, 3.63873854e-04, 7.43232304e-03
 6.98000000e-01, 1.30024792e+01, 1.82168380e+00, 3.91580987e-02, 4.19052518e-04, 7.49966378e-03
 6.99000000e-01, 1.28916006e+01, 1.82215994e+00, 3.89200287e-02, 4.71238528e-04, 7.56316959e-03
 7.00000000e-01, 1.27718860e+01, 1.82267591e+00, 3.86620430e-02, 5.21356779e-04, 7.62405916e-03
 7.01000000e-01, 1.26435618e+01, 1.82323119e+00, 3.83844028e-02, 5.69943945e-04, 7.68302191e-03
 7.02000000e-01, 1.25068712e+01, 1.82382521e+00, 3.80873926e-02, 6.17321231e-04, 7.74047443e-03
 7.03000000e-01, 1.23624262e+01, 1.82445582e+00, 3.77720922e-02, 6.62256012e-04, 7.79554505e-03
 7.04000000e-01, 1.22116434e+01, 1.82511729e+00, 3.74413554e-02, 7.02785667e-04, 7.84555189e-03
 7.05000000e-01, 1.20552425e+01, 1.82580692e+00, 3.70965404e-02, 7.39677089e-04, 7.89097344e-03
 7.06000000e-01, 1.18936911e+01, 1.82652307e+00, 3.67384641e-02, 7.73731763e-04, 7.93279391e-03
 7.07000000e-01, 1.17273987e+01, 1.82726435e+00, 3.63678231e-02, 8.05504114e-04, 7.97173458e-03
 7.08000000e-01, 1.15567454e+01, 1.82802949e+00, 3.59852562e-02, 8.35379396e-04, 8.00827681e-03
 7.09000000e-01, 1.13815265e+01, 1.82881982e+00, 3.55900876e-02, 8.65880241e-04, 8.04465357e-03
 7.10000000e-01, 1.12011005e+01, 1.82963875e+00, 3.51806230e-02, 8.98213277e-04, 8.08322406e-03
 7.11000000e-01, 1.10155435e+01, 1.83048648e+00, 3.47567607e-02, 9.31368156e-04, 8.12305232e-03
 7.12000000e-01, 1.08251374e+01, 1.83136228e+00, 3.43188607e-02, 9.64464252e-04, 8.16302826e-03
 7.13000000e-01, 1.06302608e+01, 1.83226498e+00, 3.38675087e-02, 9.96705921e-04, 8.20225478e-03
 7.14000000e-01, 1.04322930e+01, 1.83318872e+00, 3.34056415e-02, 1.02369449e-03, 8.23665224e-03
 7.15000000e-01, 1.02329916e+01, 1.83412566e+00, 3.29371704e-02, 1.04420652e-03, 8.26314139e-03
 7.16000000e-01, 1.00331762e+01, 1.83507222e+00, 3.24638922e-02, 1.05970801e-03, 8.28317082e-03
 7.17000000e-01, 9.83340761e+00, 1.83602592e+00, 3.19870388e-02, 1.07137718e-03, 8.29825832e-03
 7.18000000e-01, 9.63413297e+00, 1.83698479e+00, 3.15076052e-02, 1.08003557e-03, 8.30949190e-03
 7.19000000e-01, 9.43572568e+00, 1.83794712e+00, 3.10264386e-02, 1.08624533e-03, 8.31761911e-03
 7.20000000e-01, 9.23848599e+00, 1.83891153e+00, 3.05442338e-02, 1.09056445e-03, 8.32325354e-03
 7.21000000e-01, 9.04243969e+00, 1.83987794e+00, 3.00610292e-02, 1.09408245e-03, 8.32765337e-03
 7.22000000e-01, 8.84768080e+00, 1.84084593e+00, 2.95770344e-02, 1.09678410e-03, 8.33111688e-03
 7.23000000e-01, 8.65441122e+00, 1.84181452e+00, 2.90927377e-02, 1.09845908e-03, 8.33340072e-03
 7.24000000e-01, 8.46284810e+00, 1.84278263e+00, 2.86086826e-02, 1.09896533e-03, 8.33431220e-03
 7.25000000e-01, 8.27320950e+00, 1.84374913e+00, 2.81254331e-02, 1.09822071e-03, 8.33373549e-03
 7.26000000e-01, 8.08570759e+00, 1.84471288e+00, 2.76435576e-02, 1.09617103e-03, 8.33160413e-03
 7.27000000e-01, 7.90059403e+00, 1.84567251e+00, 2.71637468e-02, 1.09259408e-03, 8.32769723e-03
 7.28000000e-01, 7.71810714e+00, 1.84662664e+00, 2.66866799e-02, 1.08750289e-03, 8.32193707e-03
 7.29000000e-01, 7.53843506e+00, 1.84757415e+00, 2.62129265e-02, 1.08102473e-03, 8.31446562e-03
 7.30000000e-01, 7.36173726e+00, 1.84851400e+00, 2.57429992e-02, 1.07326993e-03, 8.30542130e-03
 7.31000000e-01, 7.18815333e+00, 1.84944525e+00, 2.52773737e-02, 1.06433340e-03, 8.29492284e-03
 7.32000000e-01, 7.01780503e+00, 1.85036701e+00, 2.48164931e-02, 1.05429999e-03, 8.28307523e-03
 7.33000000e-01, 6.85087233e+00, 1.85127805e+00, 2.43609740e-02, 1.04277563e-03, 8.26966213e-03
 7.34000000e-01, 6.68796203e+00, 1.85217473e+00, 2.39126328e-02, 1.02823721e-03, 8.25289089e-03
 7.35000000e-01, 6.52938346e+00, 1.85305497e+00, 2.34725163e-02, 1.01136067e-03, 8.23304363e-03
 7.36000000e-01, 6.37520974e+00, 1.85391792e+00, 2.30410397e-02, 9.92946441e-04, 8.21112071e-03
 7.37000000e-01, 6.22544304e+00, 1.85476315e+00, 2.26184269e-02, 9.73556167e-04, 8.18786902e-03
 7.38000000e-01, 6.08004703e+00, 1.85559041e+00, 2.22047946e-02, 9.53571466e-04, 8.16379855e-03
 7.39000000e-01, 5.93896102e+00, 1.85639962e+00, 2.18001886e-02, 9.33252516e-04, 8.13925612e-03
 7.40000000e-01, 5.80210857e+00, 1.85719079e+00, 2.14046054e-02, 9.12778731e-04, 8.11447985e-03
 7.41000000e-01, 5.66940557e+00, 1.85796397e+00, 2.10180141e-02, 8.92254527e-04, 8.08962654e-03
 7.42000000e-01, 5.54099217e+00, 1.85871792e+00, 2.06410389e-02, 8.70736865e-04, 8.06387901e-03
 7.43000000e-01, 5.41706269e+00, 1.85945104e+00, 2.02744785e-02, 8.48064225e-04, 8.03664325e-03
 7.44000000e-01, 5.29756002e+00, 1.86016321e+00, 1.99183975e-02, 8.24836761e-04, 8.00857946e-03
 7.45000000e-01, 5.18236693e+00, 1.86085465e+00, 1.95726743e-02, 8.01490812e-04, 7.98026423e-03
 7.46000000e-01, 5.07134565e+00, 1.86152577e+00, 1.92371150e-02, 7.78311381e-04, 7.95208183e-03
 7.47000000e-01, 4.96434931e+00, 1.86217703e+00, 1.89114856e-02, 7.55480344e-04, 7.92427849e-03
 7.48000000e-01, 4.86122789e+00, 1.86280894e+00, 1.85955300e-02, 7.33111714e-04, 7.89700905e-03
 7.49000000e-01, 4.76183177e+00, 1.86342204e+00, 1.82889800e-02, 7.11275007e-04, 7.87036853e-03
 7.50000000e-01, 4.66601389e+00, 1.86401687e+00, 1.79915628e-02, 6.90010533e-04, 7.84441271e-03
 7.51000000e-01, 4.57366684e+00, 1.86459377e+00, 1.77031171e-02, 6.69167899e-04, 7.81902885e-03
 7.52000000e-01, 4.48476926e+00, 1.86515251e+00, 1.74237439e-02, 6.48468968e-04, 7.79384426e-03
 7.53000000e-01, 4.39921671e+00, 1.86569344e+00, 1.71532776e-02, 6.28069465e-04, 7.76898183e-03
 7.54000000e-01, 4.31687977e+00, 1.86621707e+00, 1.68914639e-02, 6.08105887e-04, 7.74461790e-03
 7.55000000e-01, 4.23762687e+00, 1.86672394e+00, 1.66380304e-02, 5.88663004e-04, 7.72086767e-03
 7.56000000e-01, 4.16132831e+00, 1.86721460e+00, 1.63927002e-02, 5.69788975e-04, 7.69779795e-03
 7.57000000e-01, 4.08785785e+00, 1.86768961e+00, 1.61551969e-02, 5.51507966e-04, 7.67544344e-03
 7.58000000e-01, 4.01709358e+00, 1.86814950e+00, 1.59252482e-02, 5.33828583e-04, 7.65381802e-03
 7.59000000e-01, 3.94891825e+00, 1.86859483e+00, 1.57025873e-02, 5.16749394e-04, 7.63292210e-03
 7.60000000e-01, 3.88321948e+00, 1.86902609e+00, 1.54869547e-02, 5.00262531e-04, 7.61274749e-03
 7.61000000e-01, 3.81989656e+00, 1.86944376e+00, 1.52781205e-02, 4.84323896e-04, 7.59325415e-03
 7.62000000e-01, 3.75889230e+00, 1.86984802e+00, 1.50759922e-02, 4.68781183e-04, 7.57426452e-03
 7.63000000e-01, 3.70012657e+00, 1.87023921e+00, 1.48803954e-02, 4.53652255e-04, 7.55576921e-03
 7.64000000e-01, 3.64350691e+00, 1.87061778e+00, 1.46911088e-02, 4.38976989e-04, 7.53781754e-03
 7.65000000e-01, 3.58894202e+00, 1.87098418e+00, 1.45079078e-02, 4.24777395e-04, 7.52044014e-03
 7.66000000e-01, 3.53634349e+00, 1.87133886e+00, 1.43305715e-02, 4.11061824e-04, 7.50364996e-03
 7.67000000e-01, 3.48562624e+00, 1.87168223e+00, 1.41588840e-02, 3.97829694e-04, 7.48744807e-03
 7.68000000e-01, 3.43670859e+00, 1.87201473e+00, 1.39926352e-02, 3.85074729e-04, 7.47182796e-03
 7.69000000e-01, 3.38951238e+00, 1.87233676e+00, 1.38316217e-02, 3.72787079e-04, 7.45677834e-03
 7.70000000e-01, 3.34396285e+00, 1.87264871e+00, 1.36756465e-02, 3.60954713e-04, 7.44228498e-03
 7.71000000e-01, 3.29998857e+00, 1.87295096e+00, 1.35245196e-02, 3.49564325e-04, 7.42833196e-03
 7.72000000e-01, 3.25752136e+00, 1.87324389e+00, 1.33780575e-02, 3.38601936e-04, 7.41490239e-03
 7.73000000e-01, 3.21649286e+00, 1.87352786e+00, 1.32360720e-02, 3.28067086e-04, 7.40199130e-03
 7.74000000e-01, 3.17681943e+00, 1.87380336e+00, 1.30983180e-02, 3.18009207e-04, 7.38965547e-03
 7.75000000e-01, 3.13843361e+00, 1.87407080e+00, 1.29646018e-02, 3.08401849e-04, 7.37787455e-03
 7.76000000e-01, 3.10127808e+00, 1.87433048e+00, 1.28347618e-02, 2.99206316e-04, 7.36660153e-03
 7.77000000e-01, 3.06530076e+00, 1.87458270e+00, 1.27086517e-02, 2.90392103e-04, 7.35579777e-03
 7.78000000e-01, 3.03045256e+00, 1.87482773e+00, 1.25861326e-02, 2.81934908e-04, 7.34543282e-03
 7.79000000e-01, 2.99668232e+00, 1.87506589e+00, 1.24670560e-02, 2.73812900e-04, 7.33547948e-03
 7.80000000e-01, 2.96394449e+00, 1.87529742e+00, 1.23512905e-02, 2.66008671e-04, 7.32591593e-03
 7.81000000e-01, 2.93219571e+00, 1.87552258e+00, 1.22387102e-02, 2.58507011e-04, 7.31672330e-03
 7.82000000e-01, 2.90139461e+00, 1.87574161e+00, 1.21291940e-02, 2.51294349e-04, 7.30788483e-03
 7.83000000e-01, 2.87150170e+00, 1.87595475e+00, 1.20226257e-02, 2.44358364e-04, 7.29938534e-03
 7.84000000e-01, 2.84248321e+00, 1.87616218e+00, 1.19189077e-02, 2.37672033e-04, 7.29119636e-03
 7.85000000e-01, 2.81434236e+00, 1.87636385e+00, 1.18180733e-02, 2.31104131e-04, 7.28316842e-03
 7.86000000e-01, 2.78706334e+00, 1.87655983e+00, 1.17200872e-02, 2.24650238e-04, 7.27527630e-03
 7.87000000e-01, 2.76061557e+00, 1.87675028e+00, 1.16248600e-02, 2.18345660e-04, 7.26756112e-03
 7.88000000e-01, 2.73496740e+00, 1.87693541e+00, 1.15322968e-02, 2.12214586e-04, 7.26005411e-03
 7.89000000e-01, 2.71008750e+00, 1.87711539e+00, 1.14423026e-02, 2.06271379e-04, 7.25277429e-03
 7.90000000e-01, 2.68594518e+00, 1.87729043e+00, 1.13547832e-02, 2.00523680e-04, 7.24573199e-03
 7.91000000e-01, 2.66251055e+00, 1.87746071e+00, 1.12696464e-02, 1.94974634e-04, 7.23893170e-03
 7.92000000e-01, 2.63975461e+00, 1.87762640e+00, 1.11868015e-02, 1.89624378e-04, 7.23237402e-03
 7.93000000e-01, 2.61764927e+00, 1.87778768e+00, 1.11061603e-02, 1.84471034e-04, 7.22605695e-03
 7.94000000e-01, 2.59616742e+00, 1.87794473e+00, 1.10276370e-02, 1.79511381e-04, 7.21997674e-03
 7.95000000e-01, 2.57528292e+00, 1.87809770e+00, 1.09511483e-02, 1.74741300e-04, 7.21412848e-03
 7.96000000e-01, 2.55497055e+00, 1.87824677e+00, 1.08766135e-02, 1.70156094e-04, 7.20850652e-03
 7.97000000e-01, 2.53520674e+00, 1.87839209e+00, 1.08039568e-02, 1.65748189e-04, 7.20310247e-03
 7.98000000e-01, 2.51605090e+00, 1.87853319e+00, 1.07334075e-02, 1.61235105e-04, 7.19761222e-03
 7.99000000e-01, 2.49757010e+00, 1.87866955e+00, 1.06652246e-02, 1.56466463e-04, 7.19181420e-03
 8.00000000e-01, 2.47975829e+00, 1.87880120e+00, 1.05993982e-02, 1.51556133e-04, 7.18582917e-03
 8.01000000e-01, 2.46259963e+00, 1.87892824e+00, 1.05358813e-02, 1.46598734e-04, 7.17977505e-03
 8.02000000e-01, 2.44607537e+00, 1.87905077e+00, 1.04746155e-02, 1.41661011e-04, 7.17373693e-03
 8.03000000e-01, 2.43016517e+00, 1.87916893e+00, 1.04155359e-02, 1.36789301e-04, 7.16777406e-03
 8.04000000e-01, 2.41484775e+00, 1.87928285e+00, 1.03585732e-02, 1.32015634e-04, 7.16192738e-03
 8.05000000e-01, 2.40010133e+00, 1.87939269e+00, 1.03036554e-02, 1.27361944e-04, 7.15622492e-03
 8.06000000e-01, 2.38590396e+00, 1.87949858e+00, 1.02507093e-02, 1.22842959e-04, 7.15068555e-03
 8.07000000e-01, 2.37223376e+00, 1.87960068e+00, 1.01996612e-02, 1.18468190e-04, 7.14532148e-03
 8.08000000e-01, 2.35906914e+00, 1.87969912e+00, 1.01504377e-02, 1.14243338e-04, 7.14014012e-03
 8.09000000e-01, 2.34639223e+00, 1.87979404e+00, 1.01029790e-02, 1.10159110e-04, 7.13513282e-03
 8.10000000e-01, 2.33420371e+00, 1.87988541e+00, 1.00572938e-02, 1.06154728e-04, 7.13022894e-03
 8.11000000e-01, 2.32249122e+00, 1.87997332e+00, 1.00133422e-02, 1.02236072e-04, 7.12542859e-03
 8.12000000e-01, 2.31123693e+00, 1.88005787e+00, 9.97106305e-03, 9.84212186e-05, 7.12075319e-03
 8.13000000e-01, 2.30042269e+00, 1.88013921e+00, 9.93039348e-03, 9.47225901e-05, 7.11621852e-03
 8.14000000e-01, 2.29003047e+00, 1.88021746e+00, 9.89127068e-03, 9.11478129e-05, 7.11183445e-03
 8.15000000e-01, 2.28004253e+00, 1.88029274e+00, 9.85363251e-03, 8.77010709e-05, 7.10760648e-03
 8.16000000e-01, 2.27044156e+00, 1.88036516e+00, 9.81741795e-03, 8.43841000e-05, 7.10353701e-03
 8.17000000e-01, 2.26121069e+00, 1.88043487e+00, 9.78256730e-03, 8.11968864e-05, 7.09962622e-03
 8.18000000e-01, 2.25233356e+00, 1.88050196e+00, 9.74902244e-03, 7.81381599e-05, 7.09587267e-03
 8.19000000e-01, 2.24379437e+00, 1.88056655e+00, 9.71672697e-03, 7.52057482e-05, 7.09227381e-03
 8.20000000e-01, 2.23557786e+00, 1.88062875e+00, 9.68562628e-03, 7.23968347e-05, 7.08882626e-03
 8.21000000e-01, 2.22766935e+00, 1.88068866e+00, 9.65566763e-03, 6.97081490e-05, 7.08552607e-03
 8.22000000e-01, 2.22005473e+00, 1.88074640e+00, 9.62680017e-03, 6.71361084e-05, 7.08236888e-03
 8.23000000e-01, 2.21272045e+00, 1.88080205e+00, 9.59897496e-03, 6.46769258e-05, 7.07935010e-03
 8.24000000e-01, 2.20565353e+00, 1.88085571e+00, 9.57214497e-03, 6.23266911e-05, 7.07646494e-03
 8.25000000e-01, 2.19884150e+00, 1.88090747e+00, 9.54626492e-03, 6.00815311e-05, 7.07370865e-03
 8.26000000e-01, 2.19226884e+00, 1.88095744e+00, 9.52127766e-03, 5.79493895e-05, 7.07108949e-03
 8.27000000e-01, 2.18592026e+00, 1.88100575e+00, 9.49712679e-03, 5.59329813e-05, 7.06861196e-03
 8.28000000e-01, 2.17978417e+00, 1.88105246e+00, 9.47376976e-03, 5.40235638e-05, 7.06626613e-03
 8.29000000e-01, 2.17384988e+00, 1.88109767e+00, 9.45116728e-03, 5.22131355e-05, 7.06404216e-03
 8.30000000e-01, 2.16810732e+00, 1.88114144e+00, 9.42928237e-03, 5.04948713e-05, 7.06193159e-03
 8.31000000e-01, 2.16254700e+00, 1.88118384e+00, 9.40808000e-03, 4.88628605e-05, 7.05992710e-03
 8.32000000e-01, 2.15715994e+00, 1.88122495e+00, 9.38752705e-03, 4.73118840e-05, 7.05802223e-03
 8.33000000e-01, 2.15193764e+00, 1.88126482e+00, 9.36759210e-03, 4.58372596e-05, 7.05621119e-03
 8.34000000e-01, 2.14687037e+00, 1.88130352e+00, 9.34823901e-03, 4.44339438e-05, 7.05448795e-03
 8.35000000e-01, 2.14195120e+00, 1.88134112e+00, 9.32944212e-03, 4.30983889e-05, 7.05284783e-03
 8.36000000e-01, 2.13717422e+00, 1.88137764e+00, 9.31117970e-03, 4.18271467e-05, 7.05128676e-03
 8.37000000e-01, 2.13253365e+00, 1.88141314e+00, 9.29343035e-03, 4.06135362e-05, 7.04979680e-03
 8.38000000e-01, 2.12802346e+00, 1.88144766e+00, 9.27617176e-03, 3.94543584e-05, 7.04837370e-03
 8.39000000e-01, 2.12363757e+00, 1.88148124e+00, 9.25938131e-03, 3.83477164e-05, 7.04701504e-03
 8.40000000e-01, 2.11937015e+00, 1.88151393e+00, 9.24303724e-03, 3.72916623e-05, 7.04571844e-03
 8.41000000e-01, 2.11521560e+00, 1.88154576e+00, 9.22711873e-03, 3.62841954e-05, 7.04448146e-03
 8.42000000e-01, 2.11116862e+00, 1.88157679e+00, 9.21160595e-03, 3.53233184e-05, 7.04330166e-03
 8.43000000e-01, 2.10722412e+00, 1.88160704e+00, 9.19647989e-03, 3.44070513e-05, 7.04217661e-03
 8.44000000e-01, 2.10337725e+00, 1.88163656e+00, 9.18172243e-03, 3.35334553e-05, 7.04110394e-03
 8.45000000e-01, 2.09962341e+00, 1.88166537e+00, 9.16731629e-03, 3.27006562e-05, 7.04008135e-03
 8.46000000e-01, 2.09595818e+00, 1.88169351e+00, 9.15324494e-03, 3.19068366e-05, 7.03910661e-03
 8.47000000e-01, 2.09237736e+00, 1.88172101e+00, 9.13949261e-03, 3.11502431e-05, 7.03817758e-03
 8.48000000e-01, 2.08887695e+00, 1.88174791e+00, 9.12604427e-03, 3.04291978e-05, 7.03729219e-03
 8.49000000e-01, 2.08545313e+00, 1.88177423e+00, 9.11288558e-03, 2.97420853e-05, 7.03644846e-03
 8.50000000e-01, 2.08210226e+00, 1.88179999e+00, 9.10000282e-03, 2.90873556e-05, 7.03564449e-03
 8.51000000e-01, 2.07882016e+00, 1.88182524e+00, 9.08738018e-03, 2.84661461e-05, 7.03488128e-03
 8.52000000e-01, 2.07560121e+00, 1.88185001e+00, 9.07499634e-03, 2.78829148e-05, 7.03416425e-03
 8.53000000e-01, 2.07244169e+00, 1.88187433e+00, 9.06283717e-03, 2.73347394e-05, 7.03349037e-03
 8.54000000e-01, 2.06933840e+00, 1.88189822e+00, 9.05089059e-03, 2.68183983e-05, 7.03285573e-03
 8.55000000e-01, 2.06628835e+00, 1.88192171e+00, 9.03914531e-03, 2.63311832e-05, 7.03225698e-03
 8.56000000e-01, 2.06328876e+00, 1.88194482e+00, 9.02759078e-03, 2.58708115e-05, 7.03169128e-03
 8.57000000e-01, 2.06033702e+00, 1.88196757e+00, 9.01621710e-03, 2.54353297e-05, 7.03115622e-03
 8.58000000e-01, 2.05743066e+00, 1.88198997e+00, 9.00501495e-03, 2.50230302e-05, 7.03064967e-03
 8.59000000e-01, 2.05456737e+00, 1.88201205e+00, 8.99397554e-03, 2.46324004e-05, 7.03016978e-03
 8.60000000e-01, 2.05174496e+00, 1.88203382e+00, 8.98309059e-03, 2.42620897e-05, 7.02971487e-03
 8.61000000e-01, 2.04896137e+00, 1.88205530e+00, 8.97235229e-03, 2.39108749e-05, 7.02928344e-03
 8.62000000e-01, 2.04621465e+00, 1.88207649e+00, 8.96175321e-03, 2.35776410e-05, 7.02887411e-03
 8.63000000e-01, 2.04350295e+00, 1.88209743e+00, 8.95128638e-03, 2.32613691e-05, 7.02848562e-03
 8.64000000e-01, 2.04082454e+00, 1.88211811e+00, 8.94094514e-03, 2.29611186e-05, 7.02811682e-03
 8.65000000e-01, 2.03817518e+00, 1.88213857e+00, 8.93071330e-03, 2.26849442e-05, 7.02777645e-03
 8.66000000e-01, 2.03554982e+00, 1.88215886e+00, 8.92057140e-03, 2.24406458e-05, 7.02747462e-03
 8.67000000e-01, 2.03294597e+00, 1.88217898e+00, 8.91050988e-03, 2.22233548e-05, 7.02720626e-03
 8.68000000e-01, 2.03036131e+00, 1.88219896e+00, 8.90051986e-03, 2.20284749e-05, 7.02696575e-03
 8.69000000e-01, 2.02779427e+00, 1.88221881e+00, 8.89059536e-03, 2.18525822e-05, 7.02674880e-03
 8.70000000e-01, 2.02524348e+00, 1.88223854e+00, 8.88073105e-03, 2.16929768e-05, 7.02655203e-03
 8.71000000e-01, 2.02270769e+00, 1.88225816e+00, 8.87092221e-03, 2.15474935e-05, 7.02637274e-03
 8.72000000e-01, 2.02018580e+00, 1.88227767e+00, 8.86116457e-03, 2.14143679e-05, 7.02620873e-03
 8.73000000e-01, 2.01767717e+00, 1.88229709e+00, 8.85145574e-03, 2.12923286e-05, 7.02605840e-03
 8.74000000e-01, 2.01518057e+00, 1.88231642e+00, 8.84179097e-03, 2.11799928e-05, 7.02592007e-03
 8.75000000e-01, 2.01269508e+00, 1.88233567e+00, 8.83216674e-03, 2.10762936e-05, 7.02579242e-03
 8.76000000e-01, 2.01021995e+00, 1.88235484e+00, 8.82258018e-03, 2.09803606e-05, 7.02567434e-03
 8.77000000e-01, 2.00775479e+00, 1.88237394e+00, 8.81302982e-03, 2.08915967e-05, 7.02556509e-03
 8.78000000e-01, 2.00529951e+00, 1.88239297e+00, 8.80351531e-03, 2.08043391e-05, 7.02545875e-03
 8.79000000e-01, 2.00289989e+00, 1.88241157e+00, 8.79421418e-03, 2.05643455e-05, 7.02518198e-03
 8.80000000e-01, 2.00059441e+00, 1.88242945e+00, 8.78527576e-03, 2.01235232e-05, 7.02466125e-03
 8.81000000e-01, 1.99839098e+00, 1.88244654e+00, 8.77673099e-03, 1.95321257e-05, 7.02395201e-03
 8.82000000e-01, 1.99629378e+00, 1.88246281e+00, 8.76859635e-03, 1.88322930e-05, 7.02310615e-03
 8.83000000e-01, 1.99430515e+00, 1.88247824e+00, 8.76088122e-03, 1.80561881e-05, 7.02216390e-03
 8.84000000e-01, 1.99242608e+00, 1.88249282e+00, 8.75358971e-03, 1.72283740e-05, 7.02115605e-03
 8.85000000e-01, 1.99065652e+00, 1.88250656e+00, 8.74672180e-03, 1.63677716e-05, 7.02010627e-03
 8.86000000e-01, 1.98899551e+00, 1.88251945e+00, 8.74027407e-03, 1.54890365e-05, 7.01903292e-03
 8.87000000e-01, 1.98744143e+00, 1.88253152e+00, 8.73424043e-03, 1.46035638e-05, 7.01795025e-03
 8.88000000e-01, 1.98599216e+00, 1.88254277e+00, 8.72861282e-03, 1.37202309e-05, 7.01686935e-03
 8.89000000e-01, 1.98464515e+00, 1.88255324e+00, 8.72338151e-03, 1.28459242e-05, 7.01579884e-03
 8.90000000e-01, 1.98339167e+00, 1.88256297e+00, 8.71851281e-03, 1.20077482e-05, 7.01476883e-03
 8.91000000e-01, 1.98220205e+00, 1.88257222e+00, 8.71389157e-03, 1.12827388e-05, 7.01387129e-03
 8.92000000e-01, 1.98106510e+00, 1.88258105e+00, 8.70947437e-03, 1.06610341e-05, 7.01310106e-03
 8.93000000e-01, 1.97997484e+00, 1.88258952e+00, 8.70523812e-03, 1.01229964e-05, 7.01243494e-03
 8.94000000e-01, 1.97892637e+00, 1.88259767e+00, 8.70116377e-03, 9.65318748e-06, 7.01185374e-03
 8.95000000e-01, 1.97791543e+00, 1.88260553e+00, 8.69723484e-03, 9.23974372e-06, 7.01134262e-03
 8.96000000e-01, 1.97693833e+00, 1.88261313e+00, 8.69343704e-03, 8.87341994e-06, 7.01089002e-03
 8.97000000e-01, 1.97599185e+00, 1.88262048e+00, 8.68975791e-03, 8.54689471e-06, 7.01048681e-03
 8.98000000e-01, 1.97507319e+00, 1.88262763e+00, 8.68618655e-03, 8.25427860e-06, 7.01012563e-03
 8.99000000e-01, 1.97417987e+00, 1.88263457e+00, 8.68271337e-03, 7.99077297e-06, 7.00980052e-03
 9.00000000e-01, 1.97331023e+00, 1.88264134e+00, 8.67933194e-03, 7.75268179e-06, 7.00950682e-03
 9.01000000e-01, 1.97246231e+00, 1.88264793e+00, 8.67603471e-03, 7.53669219e-06, 7.00924050e-03
 9.02000000e-01, 1.97163380e+00, 1.88265437e+00, 8.67281265e-03, 7.33975130e-06, 7.00899778e-03
 9.03000000e-01, 1.97082161e+00, 1.88266069e+00, 8.66965379e-03, 7.16309193e-06, 7.00877946e-03
 9.04000000e-01, 1.97000615e+00, 1.88266704e+00, 8.66648192e-03, 7.06110303e-06, 7.00864716e-03
 9.05000000e-01, 1.96917636e+00, 1.88267349e+00, 8.66325408e-03, 7.04096545e-06, 7.00861502e-03
 9.06000000e-01, 1.96832836e+00, 1.88268009e+00, 8.65995510e-03, 7.08382458e-06, 7.00866155e-03
 9.07000000e-01, 1.96745970e+00, 1.88268685e+00, 8.65657543e-03, 7.17434996e-06, 7.00876781e-03
 9.08000000e-01, 1.96656862e+00, 1.88269378e+00, 8.65310821e-03, 7.30077138e-06, 7.00891909e-03
 9.09000000e-01, 1.96565506e+00, 1.88270089e+00, 8.64955321e-03, 7.45458259e-06, 7.00910466e-03
 9.10000000e-01, 1.96471695e+00, 1.88270820e+00, 8.64590232e-03, 7.62805718e-06, 7.00931503e-03
 9.11000000e-01, 1.96375379e+00, 1.88271569e+00, 8.64215356e-03, 7.81560595e-06, 7.00954315e-03
 9.12000000e-01, 1.96276536e+00, 1.88272339e+00, 8.63830607e-03, 8.01279568e-06, 7.00978348e-03
 9.13000000e-01, 1.96175168e+00, 1.88273128e+00, 8.63435985e-03, 8.21609747e-06, 7.01003162e-03
 9.14000000e-01, 1.96071293e+00, 1.88273937e+00, 8.63031564e-03, 8.42270086e-06, 7.01028407e-03
 9.15000000e-01, 1.95964947e+00, 1.88274765e+00, 8.62617477e-03, 8.63036834e-06, 7.01053803e-03
 9.16000000e-01, 1.95856470e+00, 1.88275610e+00, 8.62195042e-03, 8.82785537e-06, 7.01078128e-03
 9.17000000e-01, 1.95748527e+00, 1.88276451e+00, 8.61774640e-03, 8.93397313e-06, 7.01092008e-03
 9.18000000e-01, 1.95642407e+00, 1.88277277e+00, 8.61361292e-03, 8.94595706e-06, 7.01094341e-03
 9.19000000e-01, 1.95538479e+00, 1.88278087e+00, 8.60956440e-03, 8.88573147e-06, 7.01087655e-03
 9.20000000e-01, 1.95436962e+00, 1.88278878e+00, 8.60560935e-03, 8.77083222e-06, 7.01074113e-03
 9.21000000e-01, 1.95338136e+00, 1.88279648e+00, 8.60175877e-03, 8.61532840e-06, 7.01055472e-03
 9.22000000e-01, 1.95242140e+00, 1.88280396e+00, 8.59801804e-03, 8.42975645e-06, 7.01033052e-03
 9.23000000e-01, 1.95149061e+00, 1.88281122e+00, 8.59439063e-03, 8.22233296e-06, 7.01007881e-03
 9.24000000e-01, 1.95058946e+00, 1.88281824e+00, 8.59087843e-03, 7.99951713e-06, 7.00980767e-03
 9.25000000e-01, 1.94971813e+00, 1.88282504e+00, 8.58748208e-03, 7.76642018e-06, 7.00952346e-03
 9.26000000e-01, 1.94887649e+00, 1.88283160e+00, 8.58420120e-03, 7.52709767e-06, 7.00923125e-03
 9.27000000e-01, 1.94806422e+00, 1.88283793e+00, 8.58103456e-03, 7.28477186e-06, 7.00893507e-03
 9.28000000e-01, 1.94728086e+00, 1.88284404e+00, 8.57798032e-03, 7.04200316e-06, 7.00863810e-03
 9.29000000e-01, 1.94652578e+00, 1.88284993e+00, 8.57503613e-03, 6.80081529e-06, 7.00834288e-03
 9.30000000e-01, 1.94579827e+00, 1.88285560e+00, 8.57219923e-03, 6.56279806e-06, 7.00805139e-03
 9.31000000e-01, 1.94509756e+00, 1.88286107e+00, 8.56946660e-03, 6.32919131e-06, 7.00776518e-03
 9.32000000e-01, 1.94442280e+00, 1.88286633e+00, 8.56683500e-03, 6.10094558e-06, 7.00748543e-03
 9.33000000e-01, 1.94377312e+00, 1.88287140e+00, 8.56430104e-03, 5.87877570e-06, 7.00721305e-03
 9.34000000e-01, 1.94314763e+00, 1.88287628e+00, 8.56186127e-03, 5.66320660e-06, 7.00694870e-03
 9.35000000e-01, 1.94254577e+00, 1.88288097e+00, 8.55951352e-03, 5.45478061e-06, 7.00669301e-03
 9.36000000e-01, 1.94196700e+00, 1.88288549e+00, 8.55725571e-03, 5.25390874e-06, 7.00644655e-03
 9.37000000e-01, 1.94140962e+00, 1.88288984e+00, 8.55508119e-03, 5.06032387e-06, 7.00620903e-03
 9.38000000e-01, 1.94087273e+00, 1.88289403e+00, 8.55298651e-03, 4.87408498e-06, 7.00598049e-03
 9.39000000e-01, 1.94035548e+00, 1.88289806e+00, 8.55096832e-03, 4.69517896e-06, 7.00576092e-03
 9.40000000e-01, 1.93985701e+00, 1.88290195e+00, 8.54902332e-03, 4.52353643e-06, 7.00555025e-03
 9.41000000e-01, 1.93937650e+00, 1.88290570e+00, 8.54714830e-03, 4.35904650e-06, 7.00534834e-03
 9.42000000e-01, 1.93891315e+00, 1.88290932e+00, 8.54534012e-03, 4.20156298e-06, 7.00515501e-03
 9.43000000e-01, 1.93846618e+00, 1.88291281e+00, 8.54359583e-03, 4.05092190e-06, 7.00497007e-03
 9.44000000e-01, 1.93803485e+00, 1.88291618e+00, 8.54191248e-03, 3.90693012e-06, 7.00479329e-03
 9.45000000e-01, 1.93761844e+00, 1.88291943e+00, 8.54028727e-03, 3.76938518e-06, 7.00462441e-03
 9.46000000e-01, 1.93721625e+00, 1.88292256e+00, 8.53871751e-03, 3.63807463e-06, 7.00446317e-03
 9.47000000e-01, 1.93682762e+00, 1.88292560e+00, 8.53720058e-03, 3.51277871e-06, 7.00430932e-03
 9.48000000e-01, 1.93645233e+00, 1.88292853e+00, 8.53573571e-03, 3.39349385e-06, 7.00416281e-03
 9.49000000e-01, 1.93608934e+00, 1.88293136e+00, 8.53431878e-03, 3.27977026e-06, 7.00402315e-03
 9.50000000e-01, 1.93573803e+00, 1.88293411e+00, 8.53294736e-03, 3.17137329e-06, 7.00389004e-03
 9.51000000e-01, 1.93539783e+00, 1.88293676e+00, 8.53161929e-03, 3.06808588e-06, 7.00376320e-03
 9.52000000e-01, 1.93506821e+00, 1.88293934e+00, 8.53033247e-03, 2.96969309e-06, 7.00364236e-03
 9.53000000e-01, 1.93474877e+00, 1.88294183e+00, 8.52908534e-03, 2.87603993e-06, 7.00352733e-03
 9.54000000e-01, 1.93443910e+00, 1.88294425e+00, 8.52787634e-03, 2.78696071e-06, 7.00341792e-03
 9.55000000e-01, 1.93413851e+00, 1.88294659e+00, 8.52670274e-03, 2.70214363e-06, 7.00331376e-03
 9.56000000e-01, 1.93384660e+00, 1.88294887e+00, 8.52556300e-03, 2.62142047e-06, 7.00321461e-03
 9.57000000e-01, 1.93356312e+00, 1.88295109e+00, 8.52445611e-03, 2.54468531e-06, 7.00312036e-03
 9.58000000e-01, 1.93328744e+00, 1.88295324e+00, 8.52337969e-03, 2.47165515e-06, 7.00303066e-03
 9.59000000e-01, 1.93301935e+00, 1.88295533e+00, 8.52233287e-03, 2.40223846e-06, 7.00294539e-03
 9.60000000e-01, 1.93275841e+00, 1.88295737e+00, 8.52131390e-03, 2.33622796e-06, 7.00286431e-03
 9.61000000e-01, 1.93250428e+00, 1.88295936e+00, 8.52032154e-03, 2.27348001e-06, 7.00278724e-03
 9.62000000e-01, 1.93225670e+00, 1.88296129e+00, 8.51935471e-03, 2.21386708e-06, 7.00271400e-03
 9.63000000e-01, 1.93201567e+00, 1.88296317e+00, 8.51841341e-03, 2.15740275e-06, 7.00264461e-03
 9.64000000e-01, 1.93178047e+00, 1.88296501e+00, 8.51749491e-03, 2.10374186e-06, 7.00257870e-03
 9.65000000e-01, 1.93155068e+00, 1.88296681e+00, 8.51659747e-03, 2.05267539e-06, 7.00251599e-03
 9.66000000e-01, 1.93132602e+00, 1.88296856e+00, 8.51572007e-03, 2.00408164e-06, 7.00245630e-03
 9.67000000e-01, 1.93110625e+00, 1.88297028e+00, 8.51486172e-03, 1.95784340e-06, 7.00239952e-03
 9.68000000e-01, 1.93089112e+00, 1.88297196e+00, 8.51402151e-03, 1.91384857e-06, 7.00234548e-03
 9.69000000e-01, 1.93068042e+00, 1.88297360e+00, 8.51319855e-03, 1.87199002e-06, 7.00229408e-03
 9.70000000e-01, 1.93047392e+00, 1.88297522e+00, 8.51239201e-03, 1.83216550e-06, 7.00224516e-03
 9.71000000e-01, 1.93027142e+00, 1.88297680e+00, 8.51160108e-03, 1.79427742e-06, 7.00219863e-03
 9.72000000e-01, 1.93007274e+00, 1.88297835e+00, 8.51082500e-03, 1.75823272e-06, 7.00215436e-03
 9.73000000e-01, 1.92987767e+00, 1.88297987e+00, 8.51006306e-03, 1.72394264e-06, 7.00211225e-03
 9.74000000e-01, 1.92968605e+00, 1.88298137e+00, 8.50931455e-03, 1.69132256e-06, 7.00207218e-03
 9.75000000e-01, 1.92949770e+00, 1.88298284e+00, 8.50857883e-03, 1.66029187e-06, 7.00203407e-03
 9.76000000e-01, 1.92931248e+00, 1.88298429e+00, 8.50785527e-03, 1.63077374e-06, 7.00199782e-03
 9.77000000e-01, 1.92913022e+00, 1.88298571e+00, 8.50714328e-03, 1.60269499e-06, 7.00196333e-03
 9.78000000e-01, 1.92895077e+00, 1.88298712e+00, 8.50644230e-03, 1.57598591e-06, 7.00193053e-03
 9.79000000e-01, 1.92877401e+00, 1.88298850e+00, 8.50575178e-03, 1.55058012e-06, 7.00189933e-03
 9.80000000e-01, 1.92859981e+00, 1.88298986e+00, 8.50507121e-03, 1.52641441e-06, 7.00186965e-03
 9.81000000e-01, 1.92842803e+00, 1.88299120e+00, 8.50440012e-03, 1.50342859e-06, 7.00184142e-03
 9.82000000e-01, 1.92825855e+00, 1.88299252e+00, 8.50373803e-03, 1.48156538e-06, 7.00181456e-03
 9.83000000e-01, 1.92809128e+00, 1.88299383e+00, 8.50308451e-03, 1.46077024e-06, 7.00178902e-03
 9.84000000e-01, 1.92792609e+00, 1.88299512e+00, 8.50243914e-03, 1.44099125e-06, 7.00176473e-03
 9.85000000e-01, 1.92776289e+00, 1.88299640e+00, 8.50180151e-03, 1.42217900e-06, 7.00174163e-03
 9.86000000e-01, 1.92760157e+00, 1.88299766e+00, 8.50117126e-03, 1.40428647e-06, 7.00171965e-03
 9.87000000e-01, 1.92744206e+00, 1.88299890e+00, 8.50054802e-03, 1.38726891e-06, 7.00169875e-03
 9.88000000e-01, 1.92728425e+00, 1.88300014e+00, 8.49993144e-03, 1.37108373e-06, 7.00167887e-03
 9.89000000e-01, 1.92712807e+00, 1.88300136e+00, 8.49932120e-03, 1.35569041e-06, 7.00165996e-03
 9.90000000e-01, 1.92697343e+00, 1.88300257e+00, 8.49871699e-03, 1.34105037e-06, 7.00164198e-03
 9.91000000e-01, 1.92682027e+00, 1.88300376e+00, 8.49811852e-03, 1.32712695e-06, 7.00162488e-03
 9.92000000e-01, 1.92666850e+00, 1.88300495e+00, 8.49752550e-03, 1.31388522e-06, 7.00160862e-03
 9.93000000e-01, 1.92651806e+00, 1.88300612e+00, 8.49693767e-03, 1.30129197e-06, 7.00159315e-03
 9.94000000e-01, 1.92636889e+00, 1.88300729e+00, 8.49635477e-03, 1.28931560e-06, 7.00157844e-03
 9.95000000e-01, 1.92622092e+00, 1.88300845e+00, 8.49577656e-03, 1.27792604e-06, 7.00156445e-03
 9.96000000e-01, 1.92607409e+00, 1.88300959e+00, 8.49520281e-03, 1.26709468e-06, 7.00155115e-03
 9.97000000e-01, 1.92592835e+00, 1.88301073e+00, 8.49463331e-03, 1.25679430e-06, 7.00153850e-03
 9.98000000e-01, 1.92578365e+00, 1.88301186e+00, 8.49406784e-03, 1.24699903e-06, 7.00152647e-03
 9.99000000e-01, 1.92563993e+00, 1.88301299e+00, 8.49350620e-03, 1.23768422e-06, 7.00151503e-03
 1.00000000e+00, 1.92547528e+00, 1.88301427e+00, 8.49286278e-03, 1.31423137e-06, 7.00158957e-03
